username,elitebotix_score,skill_issue_score,bancho_score,lazer_score,recent_tournament_form,consistency_score,reliability_multiplier,activity_multiplier,final_power_score,provisional,base_power_score,tournaments_played_last_12m,days_since_last_event,explanation,debug
MALISZEWSKI,,,64.88,,80.92,99.34,0.9062,0.9478,68.56,False,79.82,3,133.0,"MALISZEWSKI scores 68.56 with consistency score 99.3, recent tournament form 80.9, bancho score 64.9; reliability 0.906, activity 0.948",{}
mrekk,,,100.0,,72.65,82.27,0.8875,0.9475,67.89,True,80.74,2,134.0,"mrekk scores 67.89 with bancho score 100.0, consistency score 82.3, recent tournament form 72.7; reliability 0.887, activity 0.948, provisional",{}
liliel,,,84.44,,69.52,97.93,0.8875,0.9478,65.14,True,77.44,2,133.0,"liliel scores 65.14 with consistency score 97.9, bancho score 84.4, recent tournament form 69.5; reliability 0.887, activity 0.948, provisional",{}
lifeline,,,81.94,,73.0,72.01,0.8875,0.9678,64.43,True,75.02,2,70.0,"lifeline scores 64.43 with bancho score 81.9, recent tournament form 73.0, consistency score 72.0; reliability 0.887, activity 0.968, provisional",{}
Raikouhou,,,64.44,,75.69,98.84,0.8875,0.9478,64.32,True,76.47,2,133.0,"Raikouhou scores 64.32 with consistency score 98.8, recent tournament form 75.7, bancho score 64.4; reliability 0.887, activity 0.948, provisional",{}
ASecretBox,,,71.37,,68.92,95.08,0.9062,0.9475,63.09,False,73.48,3,134.0,"ASecretBox scores 63.09 with consistency score 95.1, bancho score 71.4, recent tournament form 68.9; reliability 0.906, activity 0.948",{}
enri,,,71.06,,90.11,25.0,0.8688,0.9478,62.27,True,75.63,1,133.0,"enri scores 62.27 with recent tournament form 90.1, bancho score 71.1, consistency score 25.0; reliability 0.869, activity 0.948, provisional",{}
misha awa,,,50.93,,77.34,97.53,0.8875,0.9478,62.24,True,74.0,2,133.0,"misha awa scores 62.24 with consistency score 97.5, recent tournament form 77.3, bancho score 50.9; reliability 0.887, activity 0.948, provisional",{}
rektygon,,,61.62,,75.46,85.06,0.8875,0.9478,61.88,True,73.56,2,133.0,"rektygon scores 61.88 with consistency score 85.1, recent tournament form 75.5, bancho score 61.6; reliability 0.887, activity 0.948, provisional",{}
NINERIK,,,87.96,,61.03,99.35,0.8875,0.9439,61.46,True,73.36,2,148.0,"NINERIK scores 61.46 with consistency score 99.3, bancho score 88.0, recent tournament form 61.0; reliability 0.887, activity 0.944, provisional",{}
Riot,,,55.55,,81.5,66.42,0.8875,0.9478,61.34,True,72.92,2,133.0,"Riot scores 61.34 with recent tournament form 81.5, consistency score 66.4, bancho score 55.5; reliability 0.887, activity 0.948, provisional",{}
FlyingTuna,,,68.64,,66.83,88.74,0.8875,0.9457,59.24,True,70.59,2,141.0,"FlyingTuna scores 59.24 with consistency score 88.7, bancho score 68.6, recent tournament form 66.8; reliability 0.887, activity 0.946, provisional",{}
decaten,,,56.03,,67.81,87.27,0.9062,0.9478,58.32,False,67.9,3,133.0,"decaten scores 58.32 with consistency score 87.3, recent tournament form 67.8, bancho score 56.0; reliability 0.906, activity 0.948",{}
gnahus,,,80.92,,55.49,97.43,0.8875,0.9478,57.21,True,68.01,2,133.0,"gnahus scores 57.21 with consistency score 97.4, bancho score 80.9, recent tournament form 55.5; reliability 0.887, activity 0.948, provisional",{}
criller,,,54.38,,65.77,95.03,0.8875,0.9457,56.6,True,67.44,2,141.0,"criller scores 56.60 with consistency score 95.0, recent tournament form 65.8, bancho score 54.4; reliability 0.887, activity 0.946, provisional",{}
BoshyMan741,,,44.73,,67.66,98.78,0.8875,0.9478,56.2,True,66.82,2,133.0,"BoshyMan741 scores 56.20 with consistency score 98.8, recent tournament form 67.7, bancho score 44.7; reliability 0.887, activity 0.948, provisional",{}
plambob,,,68.4,,58.46,96.27,0.8875,0.9478,56.02,True,66.6,2,133.0,"plambob scores 56.02 with consistency score 96.3, bancho score 68.4, recent tournament form 58.5; reliability 0.887, activity 0.948, provisional",{}
cloppit,,,75.92,,55.12,95.78,0.8875,0.9475,55.77,True,66.32,2,134.0,"cloppit scores 55.77 with consistency score 95.8, bancho score 75.9, recent tournament form 55.1; reliability 0.887, activity 0.948, provisional",{}
NathanRam1918,,,49.19,,65.47,96.96,0.8875,0.9459,55.65,True,66.3,2,140.0,"NathanRam1918 scores 55.65 with consistency score 97.0, recent tournament form 65.5, bancho score 49.2; reliability 0.887, activity 0.946, provisional",{}
bored yes,,,79.17,,75.44,25.0,0.8688,0.9195,54.88,True,68.7,1,294.0,"bored yes scores 54.88 with bancho score 79.2, recent tournament form 75.4, consistency score 25.0; reliability 0.869, activity 0.919, provisional",{}
killer2007,,,77.72,,51.59,99.81,0.8875,0.9442,54.66,True,65.23,2,147.0,"killer2007 scores 54.66 with consistency score 99.8, bancho score 77.7, recent tournament form 51.6; reliability 0.887, activity 0.944, provisional",{}
Swiq,,,54.99,,62.28,91.79,0.8875,0.9478,54.66,True,64.98,2,133.0,"Swiq scores 54.66 with consistency score 91.8, recent tournament form 62.3, bancho score 55.0; reliability 0.887, activity 0.948, provisional",{}
lolol233,,,56.31,,60.93,92.8,0.8875,0.9459,54.26,True,64.64,2,140.0,"lolol233 scores 54.26 with consistency score 92.8, recent tournament form 60.9, bancho score 56.3; reliability 0.887, activity 0.946, provisional",{}
Zylice,,,73.98,,51.84,91.56,0.9062,0.9459,54.2,False,63.23,3,140.0,"Zylice scores 54.20 with consistency score 91.6, bancho score 74.0, recent tournament form 51.8; reliability 0.906, activity 0.946",{}
MineFrostID,,,55.76,,55.97,98.05,0.8875,0.9678,53.51,True,62.29,2,70.0,"MineFrostID scores 53.51 with consistency score 98.0, recent tournament form 56.0, bancho score 55.8; reliability 0.887, activity 0.968, provisional",{}
Pezz,,,44.81,,61.85,95.58,0.8875,0.9478,52.85,True,62.83,2,133.0,"Pezz scores 52.85 with consistency score 95.6, recent tournament form 61.9, bancho score 44.8; reliability 0.887, activity 0.948, provisional",{}
aknzx,,,70.46,,53.45,77.76,0.9062,0.9475,52.6,False,61.26,3,134.0,"aknzx scores 52.60 with consistency score 77.8, bancho score 70.5, recent tournament form 53.5; reliability 0.906, activity 0.948",{}
-IZZY,,,53.64,,56.18,95.23,0.8875,0.9425,51.43,True,61.48,2,154.0,"-IZZY scores 51.43 with consistency score 95.2, recent tournament form 56.2, bancho score 53.6; reliability 0.887, activity 0.943, provisional",{}
tekkito,,,53.19,,60.76,74.08,0.8875,0.9478,51.26,True,60.94,2,133.0,"tekkito scores 51.26 with consistency score 74.1, recent tournament form 60.8, bancho score 53.2; reliability 0.887, activity 0.948, provisional",{}
lolol235,,,39.28,,61.61,93.29,0.8875,0.9459,51.21,True,61.0,2,140.0,"lolol235 scores 51.21 with consistency score 93.3, recent tournament form 61.6, bancho score 39.3; reliability 0.887, activity 0.946, provisional",{}
Hakui Koyori,,,50.75,,57.7,72.68,0.9062,0.9674,51.1,False,58.29,3,71.0,"Hakui Koyori scores 51.10 with consistency score 72.7, recent tournament form 57.7, bancho score 50.8; reliability 0.906, activity 0.967",{}
Amasetic,,,43.3,,61.1,86.85,0.8875,0.9478,51.05,True,60.69,2,133.0,"Amasetic scores 51.05 with consistency score 86.8, recent tournament form 61.1, bancho score 43.3; reliability 0.887, activity 0.948, provisional",{}
Crystal,,,39.05,,60.04,98.25,0.8875,0.9439,50.88,True,60.74,2,148.0,"Crystal scores 50.88 with consistency score 98.2, recent tournament form 60.0, bancho score 39.1; reliability 0.887, activity 0.944, provisional",{}
Kurumiw,,,64.58,,49.93,96.87,0.8875,0.9425,50.69,True,60.59,2,154.0,"Kurumiw scores 50.69 with consistency score 96.9, bancho score 64.6, recent tournament form 49.9; reliability 0.887, activity 0.943, provisional",{}
WindowLife,,,67.33,,68.2,25.0,0.8688,0.9478,50.6,True,61.44,1,133.0,"WindowLife scores 50.60 with recent tournament form 68.2, bancho score 67.3, consistency score 25.0; reliability 0.869, activity 0.948, provisional",{}
Rafis,,,62.85,,51.03,90.05,0.8875,0.9478,50.31,True,59.81,2,133.0,"Rafis scores 50.31 with consistency score 90.0, bancho score 62.9, recent tournament form 51.0; reliability 0.887, activity 0.948, provisional",{}
nujabes,,,70.75,,47.84,89.19,0.8875,0.9459,50.08,True,59.66,2,140.0,"nujabes scores 50.08 with consistency score 89.2, bancho score 70.8, recent tournament form 47.8; reliability 0.887, activity 0.946, provisional",{}
Welter,,,60.26,,51.05,84.59,0.9062,0.9459,50.03,False,58.37,3,140.0,"Welter scores 50.03 with consistency score 84.6, bancho score 60.3, recent tournament form 51.0; reliability 0.906, activity 0.946",{}
Arnold24x24,,,64.15,,48.34,92.95,0.8875,0.9459,49.47,True,58.93,2,140.0,"Arnold24x24 scores 49.47 with consistency score 93.0, bancho score 64.2, recent tournament form 48.3; reliability 0.887, activity 0.946, provisional",{}
A L E P H,,,49.45,,55.49,85.1,0.8875,0.942,48.92,True,58.51,2,156.0,"A L E P H scores 48.92 with consistency score 85.1, recent tournament form 55.5, bancho score 49.4; reliability 0.887, activity 0.942, provisional",{}
Kamensh1k,,,69.63,,64.03,25.0,0.8688,0.9459,48.88,True,59.47,1,140.0,"Kamensh1k scores 48.88 with bancho score 69.6, recent tournament form 64.0, consistency score 25.0; reliability 0.869, activity 0.946, provisional",{}
mcy4,,,60.45,,70.38,25.0,0.8688,0.9189,48.78,True,61.1,1,300.0,"mcy4 scores 48.78 with recent tournament form 70.4, bancho score 60.4, consistency score 25.0; reliability 0.869, activity 0.919, provisional",{}
fedoragoose,,,48.45,,57.3,78.28,0.8875,0.9423,48.78,True,58.33,2,155.0,"fedoragoose scores 48.78 with consistency score 78.3, recent tournament form 57.3, bancho score 48.5; reliability 0.887, activity 0.942, provisional",{}
Hifkil,,,47.83,,54.17,90.63,0.8875,0.9425,48.65,True,58.16,2,154.0,"Hifkil scores 48.65 with consistency score 90.6, recent tournament form 54.2, bancho score 47.8; reliability 0.887, activity 0.943, provisional",{}
JackPaX,,,47.23,,71.95,25.0,0.8688,0.9478,48.45,True,58.84,1,133.0,"JackPaX scores 48.45 with recent tournament form 72.0, bancho score 47.2, consistency score 25.0; reliability 0.869, activity 0.948, provisional",{}
hexi,,,61.31,,48.12,92.31,0.8875,0.9393,48.36,True,58.01,2,168.0,"hexi scores 48.36 with consistency score 92.3, bancho score 61.3, recent tournament form 48.1; reliability 0.887, activity 0.939, provisional",{}
xootynator,,,62.16,,65.89,25.0,0.8688,0.9459,48.31,True,58.79,1,140.0,"xootynator scores 48.31 with recent tournament form 65.9, bancho score 62.2, consistency score 25.0; reliability 0.869, activity 0.946, provisional",{}
runnysunny,,,57.08,,47.92,88.48,0.9062,0.9457,48.24,False,56.29,3,141.0,"runnysunny scores 48.24 with consistency score 88.5, bancho score 57.1, recent tournament form 47.9; reliability 0.906, activity 0.946",{}
Coreanmaluco,,,48.31,,55.93,78.87,0.8875,0.9409,48.06,True,57.56,2,161.0,"Coreanmaluco scores 48.06 with consistency score 78.9, recent tournament form 55.9, bancho score 48.3; reliability 0.887, activity 0.941, provisional",{}
alfiu,,,51.9,,52.43,75.79,0.9062,0.9478,47.96,False,55.84,3,133.0,"alfiu scores 47.96 with consistency score 75.8, recent tournament form 52.4, bancho score 51.9; reliability 0.906, activity 0.948",{}
ESCRUPULILLO,,,39.58,,55.78,92.06,0.8875,0.942,47.95,True,57.35,2,156.0,"ESCRUPULILLO scores 47.95 with consistency score 92.1, recent tournament form 55.8, bancho score 39.6; reliability 0.887, activity 0.942, provisional",{}
papercandle,,,52.25,,52.56,71.7,0.9062,0.9459,47.47,False,55.39,3,140.0,"papercandle scores 47.47 with consistency score 71.7, recent tournament form 52.6, bancho score 52.3; reliability 0.906, activity 0.946",{}
palr,,,42.07,,53.66,89.19,0.8875,0.9475,47.29,True,56.23,2,134.0,"palr scores 47.29 with consistency score 89.2, recent tournament form 53.7, bancho score 42.1; reliability 0.887, activity 0.948, provisional",{}
Bubbleman,,,56.71,,49.58,82.58,0.8875,0.9459,47.27,True,56.31,2,140.0,"Bubbleman scores 47.27 with consistency score 82.6, bancho score 56.7, recent tournament form 49.6; reliability 0.887, activity 0.946, provisional",{}
PinkEyeFan2013,,,70.17,,40.01,98.36,0.8875,0.9459,47.15,True,56.16,2,140.0,"PinkEyeFan2013 scores 47.15 with consistency score 98.4, bancho score 70.2, recent tournament form 40.0; reliability 0.887, activity 0.946, provisional",{}
shwq,,,45.99,,51.55,92.02,0.8875,0.9425,47.12,True,56.33,2,154.0,"shwq scores 47.12 with consistency score 92.0, recent tournament form 51.5, bancho score 46.0; reliability 0.887, activity 0.943, provisional",{}
Melvr,,,49.34,,50.22,91.05,0.8875,0.9439,47.07,True,56.19,2,148.0,"Melvr scores 47.07 with consistency score 91.0, recent tournament form 50.2, bancho score 49.3; reliability 0.887, activity 0.944, provisional",{}
bunnylikemoney,,,59.25,,67.17,25.0,0.8688,0.9195,47.02,True,58.86,1,294.0,"bunnylikemoney scores 47.02 with recent tournament form 67.2, bancho score 59.3, consistency score 25.0; reliability 0.869, activity 0.919, provisional",{}
Kosiarek,,,39.26,,54.39,88.11,0.8875,0.9478,46.96,True,55.83,2,133.0,"Kosiarek scores 46.96 with consistency score 88.1, recent tournament form 54.4, bancho score 39.3; reliability 0.887, activity 0.948, provisional",{}
GET LOVED,,,53.0,,52.29,83.17,0.8875,0.921,46.71,True,57.14,2,281.0,"GET LOVED scores 46.71 with consistency score 83.2, bancho score 53.0, recent tournament form 52.3; reliability 0.887, activity 0.921, provisional",{}
Arge,,,53.39,,49.87,83.57,0.8875,0.9407,46.61,True,55.83,2,162.0,"Arge scores 46.61 with consistency score 83.6, bancho score 53.4, recent tournament form 49.9; reliability 0.887, activity 0.941, provisional",{}
bananachi,,,57.14,,46.1,91.96,0.8875,0.9407,46.52,True,55.72,2,162.0,"bananachi scores 46.52 with consistency score 92.0, bancho score 57.1, recent tournament form 46.1; reliability 0.887, activity 0.941, provisional",{}
Aheo,,,45.13,,51.25,90.46,0.8875,0.9409,46.52,True,55.71,2,161.0,"Aheo scores 46.52 with consistency score 90.5, recent tournament form 51.2, bancho score 45.1; reliability 0.887, activity 0.941, provisional",{}
Ledeau_Fox,,,53.35,,49.35,83.02,0.8875,0.9439,46.43,True,55.42,2,148.0,"Ledeau_Fox scores 46.43 with consistency score 83.0, bancho score 53.4, recent tournament form 49.4; reliability 0.887, activity 0.944, provisional",{}
NYASH,,,52.43,,47.7,91.19,0.8875,0.9425,46.37,True,55.44,2,154.0,"NYASH scores 46.37 with consistency score 91.2, bancho score 52.4, recent tournament form 47.7; reliability 0.887, activity 0.943, provisional",{}
Ruyaya,,,33.74,,53.08,99.45,0.8875,0.9425,46.36,True,55.42,2,154.0,"Ruyaya scores 46.36 with consistency score 99.5, recent tournament form 53.1, bancho score 33.7; reliability 0.887, activity 0.943, provisional",{}
clafrelys,,,59.74,,62.75,25.0,0.8688,0.9459,46.27,True,56.3,1,140.0,"clafrelys scores 46.27 with recent tournament form 62.8, bancho score 59.7, consistency score 25.0; reliability 0.869, activity 0.946, provisional",{}
Thatnoobguy,,,37.09,,54.47,80.31,0.8875,0.9624,46.27,True,54.17,2,85.0,"Thatnoobguy scores 46.27 with consistency score 80.3, recent tournament form 54.5, bancho score 37.1; reliability 0.887, activity 0.962, provisional",{}
trumpatino69,,,59.02,,42.06,91.71,0.9062,0.9423,45.85,False,53.69,3,155.0,"trumpatino69 scores 45.85 with consistency score 91.7, bancho score 59.0, recent tournament form 42.1; reliability 0.906, activity 0.942",{}
Saiyku,,,66.74,,58.96,25.0,0.8688,0.9459,45.78,True,55.7,1,140.0,"Saiyku scores 45.78 with bancho score 66.7, recent tournament form 59.0, consistency score 25.0; reliability 0.869, activity 0.946, provisional",{}
Pinguinzi,,,49.04,,45.84,98.35,0.8875,0.9439,45.72,True,54.57,2,148.0,"Pinguinzi scores 45.72 with consistency score 98.3, bancho score 49.0, recent tournament form 45.8; reliability 0.887, activity 0.944, provisional",{}
Wanderio,,,41.37,,51.71,85.51,0.8875,0.9459,45.6,True,54.32,2,140.0,"Wanderio scores 45.60 with consistency score 85.5, recent tournament form 51.7, bancho score 41.4; reliability 0.887, activity 0.946, provisional",{}
Oly9919,,,36.31,,52.25,89.76,0.8875,0.9425,45.23,True,54.07,2,154.0,"Oly9919 scores 45.23 with consistency score 89.8, recent tournament form 52.2, bancho score 36.3; reliability 0.887, activity 0.943, provisional",{}
Emilbus,,,45.81,,48.3,88.91,0.8875,0.9442,45.13,True,53.85,2,147.0,"Emilbus scores 45.13 with consistency score 88.9, recent tournament form 48.3, bancho score 45.8; reliability 0.887, activity 0.944, provisional",{}
GNX,,,46.13,,45.8,84.28,0.9062,0.9631,45.13,False,51.71,3,83.0,"GNX scores 45.13 with consistency score 84.3, bancho score 46.1, recent tournament form 45.8; reliability 0.906, activity 0.963",{}
willy0214,,,59.66,,60.2,25.0,0.8688,0.9425,44.82,True,54.74,1,154.0,"willy0214 scores 44.82 with recent tournament form 60.2, bancho score 59.7, consistency score 25.0; reliability 0.869, activity 0.943, provisional",{}
NOUMEN BREAK,,,47.07,,46.71,89.49,0.8875,0.9425,44.57,True,53.28,2,154.0,"NOUMEN BREAK scores 44.57 with consistency score 89.5, bancho score 47.1, recent tournament form 46.7; reliability 0.887, activity 0.943, provisional",{}
Stixe,,,53.47,,41.6,93.66,0.8875,0.958,44.52,True,52.37,2,98.0,"Stixe scores 44.52 with consistency score 93.7, bancho score 53.5, recent tournament form 41.6; reliability 0.887, activity 0.958, provisional",{}
ZaNy_,,,33.62,,52.56,86.4,0.8875,0.9425,44.41,True,53.1,2,154.0,"ZaNy_ scores 44.41 with consistency score 86.4, recent tournament form 52.6, bancho score 33.6; reliability 0.887, activity 0.943, provisional",{}
PLOXARU,,,77.08,,52.42,25.0,0.8688,0.9393,44.27,True,54.24,1,168.0,"PLOXARU scores 44.27 with bancho score 77.1, recent tournament form 52.4, consistency score 25.0; reliability 0.869, activity 0.939, provisional",{}
maxim,,,50.46,,44.21,90.75,0.8875,0.9439,44.21,True,52.78,2,148.0,"maxim scores 44.21 with consistency score 90.8, bancho score 50.5, recent tournament form 44.2; reliability 0.887, activity 0.944, provisional",{}
def,,,64.01,,57.56,25.0,0.8688,0.9389,44.2,True,54.19,1,170.0,"def scores 44.20 with bancho score 64.0, recent tournament form 57.6, consistency score 25.0; reliability 0.869, activity 0.939, provisional",{}
EthantrixV3,,,40.15,,66.07,25.0,0.8688,0.9478,44.11,True,53.56,1,133.0,"EthantrixV3 scores 44.11 with recent tournament form 66.1, bancho score 40.1, consistency score 25.0; reliability 0.869, activity 0.948, provisional",{}
fudge,,,57.92,,45.63,62.59,0.9062,0.9439,43.78,False,51.18,3,148.0,"fudge scores 43.78 with consistency score 62.6, bancho score 57.9, recent tournament form 45.6; reliability 0.906, activity 0.944",{}
Musty,,,39.91,,56.69,54.59,0.8875,0.9425,43.75,True,52.3,2,154.0,"Musty scores 43.75 with recent tournament form 56.7, consistency score 54.6, bancho score 39.9; reliability 0.887, activity 0.943, provisional",{}
Mahmood,,,57.99,,40.55,88.89,0.8875,0.9439,43.65,True,52.1,2,148.0,"Mahmood scores 43.65 with consistency score 88.9, bancho score 58.0, recent tournament form 40.5; reliability 0.887, activity 0.944, provisional",{}
JapWhite,,,56.54,,44.15,77.2,0.8875,0.9425,43.63,True,52.16,2,154.0,"JapWhite scores 43.63 with consistency score 77.2, bancho score 56.5, recent tournament form 44.1; reliability 0.887, activity 0.943, provisional",{}
TTv_UFO,,,64.73,,57.86,25.0,0.8688,0.9195,43.58,True,54.55,1,294.0,"TTv_UFO scores 43.58 with bancho score 64.7, recent tournament form 57.9, consistency score 25.0; reliability 0.869, activity 0.919, provisional",{}
Kehest,,,31.49,,48.0,99.97,0.8875,0.9423,43.38,True,51.87,2,155.0,"Kehest scores 43.38 with consistency score 100.0, recent tournament form 48.0, bancho score 31.5; reliability 0.887, activity 0.942, provisional",{}
PikaPwn,,,53.68,,61.7,25.0,0.8688,0.9203,43.33,True,54.2,1,287.0,"PikaPwn scores 43.33 with recent tournament form 61.7, bancho score 53.7, consistency score 25.0; reliability 0.869, activity 0.920, provisional",{}
NeliNyan,,,51.8,,59.99,25.0,0.8688,0.9457,43.3,True,52.7,1,141.0,"NeliNyan scores 43.30 with recent tournament form 60.0, bancho score 51.8, consistency score 25.0; reliability 0.869, activity 0.946, provisional",{}
Dawnwing,,,37.01,,50.08,81.84,0.8875,0.9409,43.19,True,51.72,2,161.0,"Dawnwing scores 43.19 with consistency score 81.8, recent tournament form 50.1, bancho score 37.0; reliability 0.887, activity 0.941, provisional",{}
Isak-,,,45.66,,44.41,88.97,0.8875,0.9423,43.04,True,51.47,2,155.0,"Isak- scores 43.04 with consistency score 89.0, bancho score 45.7, recent tournament form 44.4; reliability 0.887, activity 0.942, provisional",{}
uatzap,,,42.33,,63.07,25.0,0.8688,0.9391,42.65,True,52.27,1,169.0,"uatzap scores 42.65 with recent tournament form 63.1, bancho score 42.3, consistency score 25.0; reliability 0.869, activity 0.939, provisional",{}
etn,,,54.11,,57.97,25.0,0.8688,0.9423,42.6,True,52.04,1,155.0,"etn scores 42.60 with recent tournament form 58.0, bancho score 54.1, consistency score 25.0; reliability 0.869, activity 0.942, provisional",{}
Azer,,,38.3,,63.75,25.0,0.8688,0.9478,42.58,True,51.71,1,133.0,"Azer scores 42.58 with recent tournament form 63.8, bancho score 38.3, consistency score 25.0; reliability 0.869, activity 0.948, provisional",{}
sharytory,,,48.02,,59.16,25.0,0.8688,0.9478,42.23,True,51.28,1,133.0,"sharytory scores 42.23 with recent tournament form 59.2, bancho score 48.0, consistency score 25.0; reliability 0.869, activity 0.948, provisional",{}
Icarussy,,,47.7,,59.7,25.0,0.8688,0.9425,42.2,True,51.53,1,154.0,"Icarussy scores 42.20 with recent tournament form 59.7, bancho score 47.7, consistency score 25.0; reliability 0.869, activity 0.943, provisional",{}
Xaver,,,51.0,,39.12,92.53,0.8875,0.9459,42.05,True,50.09,2,140.0,"Xaver scores 42.05 with consistency score 92.5, bancho score 51.0, recent tournament form 39.1; reliability 0.887, activity 0.946, provisional",{}
LordGabriel,,,53.85,,56.57,25.0,0.8688,0.9425,41.87,True,51.13,1,154.0,"LordGabriel scores 41.87 with recent tournament form 56.6, bancho score 53.9, consistency score 25.0; reliability 0.869, activity 0.943, provisional",{}
Accolibed,,,90.46,,41.48,25.0,0.8688,0.9439,41.71,True,50.86,1,148.0,"Accolibed scores 41.71 with bancho score 90.5, recent tournament form 41.5, consistency score 25.0; reliability 0.869, activity 0.944, provisional",{}
BATBALL,,,31.04,,63.81,25.0,0.8688,0.9478,41.16,True,49.99,1,133.0,"BATBALL scores 41.16 with recent tournament form 63.8, bancho score 31.0, consistency score 25.0; reliability 0.869, activity 0.948, provisional",{}
MALTESER,,,59.41,,37.29,80.05,0.8875,0.9439,41.16,True,49.13,2,148.0,"MALTESER scores 41.16 with consistency score 80.0, bancho score 59.4, recent tournament form 37.3; reliability 0.887, activity 0.944, provisional",{}
Intercambing,,,62.62,,51.24,25.0,0.8688,0.9459,41.11,True,50.02,1,140.0,"Intercambing scores 41.11 with bancho score 62.6, recent tournament form 51.2, consistency score 25.0; reliability 0.869, activity 0.946, provisional",{}
yary,,,65.51,,49.92,25.0,0.8688,0.9457,41.02,True,49.92,1,141.0,"yary scores 41.02 with bancho score 65.5, recent tournament form 49.9, consistency score 25.0; reliability 0.869, activity 0.946, provisional",{}
[Karcher],,,62.5,,51.08,25.0,0.8688,0.9457,41.0,True,49.9,1,141.0,"[Karcher] scores 41.00 with bancho score 62.5, recent tournament form 51.1, consistency score 25.0; reliability 0.869, activity 0.946, provisional",{}
Rebo,,,48.87,,56.91,25.0,0.8688,0.9393,40.91,True,50.13,1,168.0,"Rebo scores 40.91 with recent tournament form 56.9, bancho score 48.9, consistency score 25.0; reliability 0.869, activity 0.939, provisional",{}
badeu,,,50.26,,55.56,25.0,0.8688,0.9459,40.8,True,49.64,1,140.0,"badeu scores 40.80 with recent tournament form 55.6, bancho score 50.3, consistency score 25.0; reliability 0.869, activity 0.946, provisional",{}
savilju,,,36.92,,42.82,91.6,0.8875,0.9423,40.79,True,48.78,2,155.0,"savilju scores 40.79 with consistency score 91.6, recent tournament form 42.8, bancho score 36.9; reliability 0.887, activity 0.942, provisional",{}
minefieldsurfer,,,44.88,,57.37,25.0,0.8688,0.9478,40.71,True,49.44,1,133.0,"minefieldsurfer scores 40.71 with recent tournament form 57.4, bancho score 44.9, consistency score 25.0; reliability 0.869, activity 0.948, provisional",{}
Flameztear,,,48.13,,43.3,77.44,0.8875,0.9202,40.54,True,49.64,2,288.0,"Flameztear scores 40.54 with consistency score 77.4, bancho score 48.1, recent tournament form 43.3; reliability 0.887, activity 0.920, provisional",{}
Skrowell,,,51.06,,39.24,78.9,0.8875,0.9442,40.32,True,48.11,2,147.0,"Skrowell scores 40.32 with consistency score 78.9, bancho score 51.1, recent tournament form 39.2; reliability 0.887, activity 0.944, provisional",{}
Alyra,,,55.04,,53.24,25.0,0.8688,0.9393,40.31,True,49.4,1,168.0,"Alyra scores 40.31 with bancho score 55.0, recent tournament form 53.2, consistency score 25.0; reliability 0.869, activity 0.939, provisional",{}
antonyw,,,23.17,,45.42,97.54,0.8875,0.9439,40.15,True,47.92,2,148.0,"antonyw scores 40.15 with consistency score 97.5, recent tournament form 45.4, bancho score 23.2; reliability 0.887, activity 0.944, provisional",{}
chicken_67,,,35.29,,62.55,25.0,0.8688,0.9195,40.14,True,50.25,1,294.0,"chicken_67 scores 40.14 with recent tournament form 62.5, bancho score 35.3, consistency score 25.0; reliability 0.869, activity 0.919, provisional",{}
helvetia,,,40.67,,58.49,25.0,0.8688,0.9393,40.06,True,49.1,1,168.0,"helvetia scores 40.06 with recent tournament form 58.5, bancho score 40.7, consistency score 25.0; reliability 0.869, activity 0.939, provisional",{}
sorinica17,,,45.27,,56.39,25.0,0.8688,0.9423,40.06,True,48.94,1,155.0,"sorinica17 scores 40.06 with recent tournament form 56.4, bancho score 45.3, consistency score 25.0; reliability 0.869, activity 0.942, provisional",{}
z10a,,,49.98,,54.41,25.0,0.8688,0.9423,40.02,True,48.88,1,155.0,"z10a scores 40.02 with recent tournament form 54.4, bancho score 50.0, consistency score 25.0; reliability 0.869, activity 0.942, provisional",{}
F2X,,,39.72,,58.62,25.0,0.8688,0.9393,39.94,True,48.94,1,168.0,"F2X scores 39.94 with recent tournament form 58.6, bancho score 39.7, consistency score 25.0; reliability 0.869, activity 0.939, provisional",{}
Pipipupu997,,,64.29,,48.43,25.0,0.8688,0.9409,39.83,True,48.73,1,161.0,"Pipipupu997 scores 39.83 with bancho score 64.3, recent tournament form 48.4, consistency score 25.0; reliability 0.869, activity 0.941, provisional",{}
Shinkiro,,,29.49,,61.56,25.0,0.8688,0.9423,39.5,True,48.25,1,155.0,"Shinkiro scores 39.50 with recent tournament form 61.6, bancho score 29.5, consistency score 25.0; reliability 0.869, activity 0.942, provisional",{}
gamer228666,,,58.71,,49.65,25.0,0.8688,0.9442,39.47,True,48.11,1,147.0,"gamer228666 scores 39.47 with bancho score 58.7, recent tournament form 49.6, consistency score 25.0; reliability 0.869, activity 0.944, provisional",{}
calebshucks,,,50.66,,52.49,25.0,0.8688,0.9478,39.43,True,47.88,1,133.0,"calebshucks scores 39.43 with recent tournament form 52.5, bancho score 50.7, consistency score 25.0; reliability 0.869, activity 0.948, provisional",{}
desuqe,,,53.15,,51.74,25.0,0.8688,0.9442,39.4,True,48.03,1,147.0,"desuqe scores 39.40 with bancho score 53.2, recent tournament form 51.7, consistency score 25.0; reliability 0.869, activity 0.944, provisional",{}
Akuma no Tenshi,,,53.43,,51.77,25.0,0.8688,0.9423,39.39,True,48.12,1,155.0,"Akuma no Tenshi scores 39.39 with bancho score 53.4, recent tournament form 51.8, consistency score 25.0; reliability 0.869, activity 0.942, provisional",{}
MejiroMcQueen,,,38.38,,38.83,87.93,0.8875,0.9603,39.34,True,46.16,2,91.0,"MejiroMcQueen scores 39.34 with consistency score 87.9, recent tournament form 38.8, bancho score 38.4; reliability 0.887, activity 0.960, provisional",{}
hollowknees,,,32.8,,40.67,94.59,0.8875,0.9409,39.19,True,46.93,2,161.0,"hollowknees scores 39.19 with consistency score 94.6, recent tournament form 40.7, bancho score 32.8; reliability 0.887, activity 0.941, provisional",{}
HUNDUR,,,47.94,,36.78,82.96,0.8875,0.9439,38.94,True,46.48,2,148.0,"HUNDUR scores 38.94 with consistency score 83.0, bancho score 47.9, recent tournament form 36.8; reliability 0.887, activity 0.944, provisional",{}
lolol234,,,34.44,,40.55,89.34,0.8875,0.9439,38.92,True,46.46,2,148.0,"lolol234 scores 38.92 with consistency score 89.3, recent tournament form 40.5, bancho score 34.4; reliability 0.887, activity 0.944, provisional",{}
z9a,,,53.94,,50.56,25.0,0.8688,0.9423,38.89,True,47.51,1,155.0,"z9a scores 38.89 with bancho score 53.9, recent tournament form 50.6, consistency score 25.0; reliability 0.869, activity 0.942, provisional",{}
Lesperry,,,44.79,,54.16,25.0,0.8688,0.9409,38.81,True,47.47,1,161.0,"Lesperry scores 38.81 with recent tournament form 54.2, bancho score 44.8, consistency score 25.0; reliability 0.869, activity 0.941, provisional",{}
mint breeze,,,36.44,,57.56,25.0,0.8688,0.9391,38.76,True,47.51,1,169.0,"mint breeze scores 38.76 with recent tournament form 57.6, bancho score 36.4, consistency score 25.0; reliability 0.869, activity 0.939, provisional",{}
GSBlank,,,33.86,,39.94,92.25,0.8875,0.9409,38.74,True,46.39,2,161.0,"GSBlank scores 38.74 with consistency score 92.2, recent tournament form 39.9, bancho score 33.9; reliability 0.887, activity 0.941, provisional",{}
z980838928,,,36.04,,38.43,93.68,0.8875,0.9439,38.72,True,46.22,2,148.0,"z980838928 scores 38.72 with consistency score 93.7, recent tournament form 38.4, bancho score 36.0; reliability 0.887, activity 0.944, provisional",{}
Allegrissimo,,,47.58,,52.36,25.0,0.8688,0.9457,38.66,True,47.05,1,141.0,"Allegrissimo scores 38.66 with recent tournament form 52.4, bancho score 47.6, consistency score 25.0; reliability 0.869, activity 0.946, provisional",{}
skia1,,,38.73,,38.96,86.71,0.8875,0.9439,38.65,True,46.14,2,148.0,"skia1 scores 38.65 with consistency score 86.7, recent tournament form 39.0, bancho score 38.7; reliability 0.887, activity 0.944, provisional",{}
ozbert,,,48.95,,51.64,25.0,0.8688,0.9459,38.58,True,46.95,1,140.0,"ozbert scores 38.58 with recent tournament form 51.6, bancho score 48.9, consistency score 25.0; reliability 0.869, activity 0.946, provisional",{}
scylla,,,40.58,,54.68,25.0,0.8688,0.9459,38.43,True,46.77,1,140.0,"scylla scores 38.43 with recent tournament form 54.7, bancho score 40.6, consistency score 25.0; reliability 0.869, activity 0.946, provisional",{}
Endura,,,40.66,,34.21,99.19,0.8875,0.9478,38.37,True,45.62,2,133.0,"Endura scores 38.37 with consistency score 99.2, bancho score 40.7, recent tournament form 34.2; reliability 0.887, activity 0.948, provisional",{}
-Kedama,,,44.54,,53.26,25.0,0.8688,0.9409,38.31,True,46.86,1,161.0,"-Kedama scores 38.31 with recent tournament form 53.3, bancho score 44.5, consistency score 25.0; reliability 0.869, activity 0.941, provisional",{}
Saryi,,,41.21,,55.69,25.0,0.8688,0.9202,38.0,True,47.53,1,288.0,"Saryi scores 38.00 with recent tournament form 55.7, bancho score 41.2, consistency score 25.0; reliability 0.869, activity 0.920, provisional",{}
Jitterish,,,35.15,,38.74,88.57,0.8875,0.9425,37.99,True,45.42,2,154.0,"Jitterish scores 37.99 with consistency score 88.6, recent tournament form 38.7, bancho score 35.1; reliability 0.887, activity 0.943, provisional",{}
calangi,,,29.51,,58.36,25.0,0.8688,0.9425,37.92,True,46.31,1,154.0,"calangi scores 37.92 with recent tournament form 58.4, bancho score 29.5, consistency score 25.0; reliability 0.869, activity 0.943, provisional",{}
-Puyu,,,42.87,,53.24,25.0,0.8688,0.9393,37.9,True,46.45,1,168.0,"-Puyu scores 37.90 with recent tournament form 53.2, bancho score 42.9, consistency score 25.0; reliability 0.869, activity 0.939, provisional",{}
FlasTEH,,,54.29,,48.41,25.0,0.8688,0.9425,37.9,True,46.29,1,154.0,"FlasTEH scores 37.90 with bancho score 54.3, recent tournament form 48.4, consistency score 25.0; reliability 0.869, activity 0.943, provisional",{}
nuxx,,,44.58,,53.98,25.0,0.8688,0.921,37.86,True,47.31,1,281.0,"nuxx scores 37.86 with recent tournament form 54.0, bancho score 44.6, consistency score 25.0; reliability 0.869, activity 0.921, provisional",{}
hav,,,35.93,,54.97,25.0,0.8688,0.9478,37.73,True,45.81,1,133.0,"hav scores 37.73 with recent tournament form 55.0, bancho score 35.9, consistency score 25.0; reliability 0.869, activity 0.948, provisional",{}
kusuriya,,,46.97,,50.95,25.0,0.8688,0.9407,37.64,True,46.05,1,162.0,"kusuriya scores 37.64 with recent tournament form 51.0, bancho score 47.0, consistency score 25.0; reliability 0.869, activity 0.941, provisional",{}
Jakson,,,46.92,,34.27,91.89,0.8875,0.9194,37.59,True,46.07,2,295.0,"Jakson scores 37.59 with consistency score 91.9, bancho score 46.9, recent tournament form 34.3; reliability 0.887, activity 0.919, provisional",{}
perthed again,,,58.49,,46.2,25.0,0.8688,0.9409,37.58,True,45.97,1,161.0,"perthed again scores 37.58 with bancho score 58.5, recent tournament form 46.2, consistency score 25.0; reliability 0.869, activity 0.941, provisional",{}
superi0r,,,73.56,,39.54,25.0,0.8688,0.9475,37.52,True,45.58,1,134.0,"superi0r scores 37.52 with bancho score 73.6, recent tournament form 39.5, consistency score 25.0; reliability 0.869, activity 0.948, provisional",{}
A]],,,53.81,,47.64,25.0,0.8688,0.9423,37.42,True,45.7,1,155.0,"A]] scores 37.42 with bancho score 53.8, recent tournament form 47.6, consistency score 25.0; reliability 0.869, activity 0.942, provisional",{}
Ethan2222,,,52.22,,48.13,25.0,0.8688,0.9425,37.35,True,45.62,1,154.0,"Ethan2222 scores 37.35 with bancho score 52.2, recent tournament form 48.1, consistency score 25.0; reliability 0.869, activity 0.943, provisional",{}
siiphs,,,35.2,,38.86,82.45,0.8875,0.9439,37.34,True,44.58,2,148.0,"siiphs scores 37.34 with consistency score 82.5, recent tournament form 38.9, bancho score 35.2; reliability 0.887, activity 0.944, provisional",{}
Fuma,,,32.65,,54.49,25.0,0.8688,0.9597,37.29,True,44.73,1,93.0,"Fuma scores 37.29 with recent tournament form 54.5, bancho score 32.6, consistency score 25.0; reliability 0.869, activity 0.960, provisional",{}
Sobu,,,47.89,,49.97,25.0,0.8688,0.9389,37.26,True,45.68,1,170.0,"Sobu scores 37.26 with recent tournament form 50.0, bancho score 47.9, consistency score 25.0; reliability 0.869, activity 0.939, provisional",{}
Flyer,,,36.72,,54.05,25.0,0.8688,0.9425,37.22,True,45.45,1,154.0,"Flyer scores 37.22 with recent tournament form 54.0, bancho score 36.7, consistency score 25.0; reliability 0.869, activity 0.943, provisional",{}
zonelouise,,,50.87,,48.36,25.0,0.8688,0.9425,37.2,True,45.43,1,154.0,"zonelouise scores 37.20 with bancho score 50.9, recent tournament form 48.4, consistency score 25.0; reliability 0.869, activity 0.943, provisional",{}
YMD,,,54.07,,47.04,25.0,0.8688,0.9423,37.17,True,45.4,1,155.0,"YMD scores 37.17 with bancho score 54.1, recent tournament form 47.0, consistency score 25.0; reliability 0.869, activity 0.942, provisional",{}
Ternafis,,,27.72,,57.15,25.0,0.8688,0.9409,36.9,True,45.14,1,161.0,"Ternafis scores 36.90 with recent tournament form 57.1, bancho score 27.7, consistency score 25.0; reliability 0.869, activity 0.941, provisional",{}
Skydiver,,,39.38,,50.65,25.0,0.8688,0.9624,36.82,True,44.03,1,85.0,"Skydiver scores 36.82 with recent tournament form 50.6, bancho score 39.4, consistency score 25.0; reliability 0.869, activity 0.962, provisional",{}
Hanori,,,32.39,,39.79,80.39,0.8875,0.9393,36.8,True,44.15,2,168.0,"Hanori scores 36.80 with consistency score 80.4, recent tournament form 39.8, bancho score 32.4; reliability 0.887, activity 0.939, provisional",{}
nekore,,,51.7,,49.14,25.0,0.8688,0.9179,36.77,True,46.1,1,310.0,"nekore scores 36.77 with bancho score 51.7, recent tournament form 49.1, consistency score 25.0; reliability 0.869, activity 0.918, provisional",{}
VtuberVoiceASMR,,,43.86,,48.53,25.0,0.8688,0.9603,36.57,True,43.83,1,91.0,"VtuberVoiceASMR scores 36.57 with recent tournament form 48.5, bancho score 43.9, consistency score 25.0; reliability 0.869, activity 0.960, provisional",{}
steamhappy,,,23.05,,44.64,70.94,0.8875,0.9459,36.43,True,43.39,2,140.0,"steamhappy scores 36.43 with consistency score 70.9, recent tournament form 44.6, bancho score 23.0; reliability 0.887, activity 0.946, provisional",{}
she gon pay me,,,37.98,,51.86,25.0,0.8688,0.9425,36.38,True,44.43,1,154.0,"she gon pay me scores 36.38 with recent tournament form 51.9, bancho score 38.0, consistency score 25.0; reliability 0.869, activity 0.943, provisional",{}
Mike Tyson,,,56.42,,44.45,25.0,0.8688,0.9423,36.35,True,44.4,1,155.0,"Mike Tyson scores 36.35 with bancho score 56.4, recent tournament form 44.5, consistency score 25.0; reliability 0.869, activity 0.942, provisional",{}
Fleh,,,56.19,,43.96,25.0,0.8688,0.9457,36.19,True,44.05,1,141.0,"Fleh scores 36.19 with bancho score 56.2, recent tournament form 44.0, consistency score 25.0; reliability 0.869, activity 0.946, provisional",{}
RAFUNA,,,46.74,,47.95,25.0,0.8688,0.9423,36.17,True,44.18,1,155.0,"RAFUNA scores 36.17 with recent tournament form 48.0, bancho score 46.7, consistency score 25.0; reliability 0.869, activity 0.942, provisional",{}
Mekeyo,,,46.18,,48.27,25.0,0.8688,0.9409,36.16,True,44.24,1,161.0,"Mekeyo scores 36.16 with recent tournament form 48.3, bancho score 46.2, consistency score 25.0; reliability 0.869, activity 0.941, provisional",{}
Arz3,,,39.62,,50.66,25.0,0.8688,0.9409,36.05,True,44.1,1,161.0,"Arz3 scores 36.05 with recent tournament form 50.7, bancho score 39.6, consistency score 25.0; reliability 0.869, activity 0.941, provisional",{}
Cymango,,,50.54,,45.7,25.0,0.8688,0.9409,35.75,True,43.74,1,161.0,"Cymango scores 35.75 with bancho score 50.5, recent tournament form 45.7, consistency score 25.0; reliability 0.869, activity 0.941, provisional",{}
[Q],,,39.49,,49.63,25.0,0.8688,0.9423,35.56,True,43.44,1,155.0,"[Q] scores 35.56 with recent tournament form 49.6, bancho score 39.5, consistency score 25.0; reliability 0.869, activity 0.942, provisional",{}
seegii,,,36.29,,42.77,58.16,0.8875,0.9195,35.52,True,43.53,2,294.0,"seegii scores 35.52 with consistency score 58.2, recent tournament form 42.8, bancho score 36.3; reliability 0.887, activity 0.919, provisional",{}
macabea,,,25.83,,36.3,89.96,0.8875,0.9555,35.52,True,41.89,2,106.0,"macabea scores 35.52 with consistency score 90.0, recent tournament form 36.3, bancho score 25.8; reliability 0.887, activity 0.956, provisional",{}
LyeRR,,,43.76,,47.72,25.0,0.8688,0.9423,35.46,True,43.32,1,155.0,"LyeRR scores 35.46 with recent tournament form 47.7, bancho score 43.8, consistency score 25.0; reliability 0.869, activity 0.942, provisional",{}
Suyong_,,,63.88,,39.42,25.0,0.8688,0.9457,35.46,True,43.16,1,141.0,"Suyong_ scores 35.46 with bancho score 63.9, recent tournament form 39.4, consistency score 25.0; reliability 0.869, activity 0.946, provisional",{}
Satsukiiii,,,42.83,,48.04,25.0,0.8688,0.9425,35.44,True,43.29,1,154.0,"Satsukiiii scores 35.44 with recent tournament form 48.0, bancho score 42.8, consistency score 25.0; reliability 0.869, activity 0.943, provisional",{}
Rizer,,,47.81,,46.02,25.0,0.8688,0.9425,35.43,True,43.27,1,154.0,"Rizer scores 35.43 with bancho score 47.8, recent tournament form 46.0, consistency score 25.0; reliability 0.869, activity 0.943, provisional",{}
Birchman,,,28.91,,36.85,84.91,0.8875,0.9459,35.43,True,42.21,2,140.0,"Birchman scores 35.43 with consistency score 84.9, recent tournament form 36.9, bancho score 28.9; reliability 0.887, activity 0.946, provisional",{}
Nopekjk,,,33.28,,51.52,25.0,0.8688,0.9457,35.4,True,43.08,1,141.0,"Nopekjk scores 35.40 with recent tournament form 51.5, bancho score 33.3, consistency score 25.0; reliability 0.869, activity 0.946, provisional",{}
suntanCTM,,,46.36,,48.31,25.0,0.8688,0.9194,35.39,True,44.3,1,295.0,"suntanCTM scores 35.39 with recent tournament form 48.3, bancho score 46.4, consistency score 25.0; reliability 0.869, activity 0.919, provisional",{}
Tebi,,,35.71,,36.86,74.62,0.8875,0.9409,35.33,True,42.3,2,161.0,"Tebi scores 35.33 with consistency score 74.6, recent tournament form 36.9, bancho score 35.7; reliability 0.887, activity 0.941, provisional",{}
stupid dog,,,35.2,,52.46,25.0,0.8688,0.9195,35.24,True,44.11,1,294.0,"stupid dog scores 35.24 with recent tournament form 52.5, bancho score 35.2, consistency score 25.0; reliability 0.869, activity 0.919, provisional",{}
spray-,,,37.82,,49.61,25.0,0.8688,0.9423,35.22,True,43.02,1,155.0,"spray- scores 35.22 with recent tournament form 49.6, bancho score 37.8, consistency score 25.0; reliability 0.869, activity 0.942, provisional",{}
AllyrD,,,49.29,,45.02,25.0,0.8688,0.9423,35.22,True,43.02,1,155.0,"AllyrD scores 35.22 with bancho score 49.3, recent tournament form 45.0, consistency score 25.0; reliability 0.869, activity 0.942, provisional",{}
Agent5d,,,25.18,,41.51,77.95,0.8875,0.9203,35.18,True,43.07,2,287.0,"Agent5d scores 35.18 with consistency score 78.0, recent tournament form 41.5, bancho score 25.2; reliability 0.887, activity 0.920, provisional",{}
TrickyPugster,,,56.95,,43.62,25.0,0.8688,0.9195,35.17,True,44.03,1,294.0,"TrickyPugster scores 35.17 with bancho score 57.0, recent tournament form 43.6, consistency score 25.0; reliability 0.869, activity 0.919, provisional",{}
Tim Kackner,,,51.5,,43.68,25.0,0.8688,0.9457,35.12,True,42.75,1,141.0,"Tim Kackner scores 35.12 with bancho score 51.5, recent tournament form 43.7, consistency score 25.0; reliability 0.869, activity 0.946, provisional",{}
chests,,,31.12,,52.18,25.0,0.8688,0.9409,35.11,True,42.96,1,161.0,"chests scores 35.11 with recent tournament form 52.2, bancho score 31.1, consistency score 25.0; reliability 0.869, activity 0.941, provisional",{}
Rammu,,,40.08,,48.46,25.0,0.8688,0.9425,35.11,True,42.87,1,154.0,"Rammu scores 35.11 with recent tournament form 48.5, bancho score 40.1, consistency score 25.0; reliability 0.869, activity 0.943, provisional",{}
the gloomist,,,32.6,,36.89,78.15,0.8875,0.9389,35.08,True,42.1,2,170.0,"the gloomist scores 35.08 with consistency score 78.2, recent tournament form 36.9, bancho score 32.6; reliability 0.887, activity 0.939, provisional",{}
POMAH,,,36.73,,49.95,25.0,0.8688,0.9393,35.06,True,42.97,1,168.0,"POMAH scores 35.06 with recent tournament form 50.0, bancho score 36.7, consistency score 25.0; reliability 0.869, activity 0.939, provisional",{}
Andros,,,57.27,,41.4,25.0,0.8688,0.9423,35.01,True,42.76,1,155.0,"Andros scores 35.01 with bancho score 57.3, recent tournament form 41.4, consistency score 25.0; reliability 0.869, activity 0.942, provisional",{}
Rumyndra,,,34.68,,51.99,25.0,0.8688,0.9202,34.94,True,43.71,1,288.0,"Rumyndra scores 34.94 with recent tournament form 52.0, bancho score 34.7, consistency score 25.0; reliability 0.869, activity 0.920, provisional",{}
wr8th,,,38.12,,48.41,25.0,0.8688,0.9478,34.89,True,42.37,1,133.0,"wr8th scores 34.89 with recent tournament form 48.4, bancho score 38.1, consistency score 25.0; reliability 0.869, activity 0.948, provisional",{}
dench,,,50.23,,44.17,25.0,0.8688,0.9393,34.87,True,42.73,1,168.0,"dench scores 34.87 with bancho score 50.2, recent tournament form 44.2, consistency score 25.0; reliability 0.869, activity 0.939, provisional",{}
RafaMat,,,57.52,,40.59,25.0,0.8688,0.9459,34.79,True,42.33,1,140.0,"RafaMat scores 34.79 with bancho score 57.5, recent tournament form 40.6, consistency score 25.0; reliability 0.869, activity 0.946, provisional",{}
Rampax,,,43.14,,46.18,25.0,0.8688,0.9409,34.52,True,42.23,1,161.0,"Rampax scores 34.52 with recent tournament form 46.2, bancho score 43.1, consistency score 25.0; reliability 0.869, activity 0.941, provisional",{}
monte,,,54.2,,43.29,25.0,0.8688,0.9187,34.45,True,43.16,1,302.0,"monte scores 34.45 with bancho score 54.2, recent tournament form 43.3, consistency score 25.0; reliability 0.869, activity 0.919, provisional",{}
noncycle,,,46.27,,46.3,25.0,0.8688,0.9202,34.43,True,43.06,1,288.0,"noncycle scores 34.43 with recent tournament form 46.3, bancho score 46.3, consistency score 25.0; reliability 0.869, activity 0.920, provisional",{}
yip,,,36.47,,48.25,25.0,0.8688,0.9459,34.41,True,41.87,1,140.0,"yip scores 34.41 with recent tournament form 48.2, bancho score 36.5, consistency score 25.0; reliability 0.869, activity 0.946, provisional",{}
ChillierPear,,,40.69,,46.4,25.0,0.8688,0.9478,34.4,True,41.77,1,133.0,"ChillierPear scores 34.40 with recent tournament form 46.4, bancho score 40.7, consistency score 25.0; reliability 0.869, activity 0.948, provisional",{}
Seamie,,,32.55,,50.29,25.0,0.8688,0.9389,34.39,True,42.16,1,170.0,"Seamie scores 34.39 with recent tournament form 50.3, bancho score 32.6, consistency score 25.0; reliability 0.869, activity 0.939, provisional",{}
flowering,,,37.0,,31.61,92.07,0.8875,0.9188,34.31,True,42.08,2,301.0,"flowering scores 34.31 with consistency score 92.1, bancho score 37.0, recent tournament form 31.6; reliability 0.887, activity 0.919, provisional",{}
HaSappy,,,50.54,,42.41,25.0,0.8688,0.9442,34.24,True,41.74,1,147.0,"HaSappy scores 34.24 with bancho score 50.5, recent tournament form 42.4, consistency score 25.0; reliability 0.869, activity 0.944, provisional",{}
okinamo,,,51.87,,41.74,25.0,0.8688,0.9457,34.23,True,41.66,1,141.0,"okinamo scores 34.23 with bancho score 51.9, recent tournament form 41.7, consistency score 25.0; reliability 0.869, activity 0.946, provisional",{}
Barbone,,,60.09,,38.4,25.0,0.8688,0.9425,34.09,True,41.63,1,154.0,"Barbone scores 34.09 with bancho score 60.1, recent tournament form 38.4, consistency score 25.0; reliability 0.869, activity 0.943, provisional",{}
Shirosora,,,54.75,,40.21,25.0,0.8688,0.9425,33.93,True,41.43,1,154.0,"Shirosora scores 33.93 with bancho score 54.8, recent tournament form 40.2, consistency score 25.0; reliability 0.869, activity 0.943, provisional",{}
5joshi,,,34.95,,48.25,25.0,0.8688,0.9393,33.87,True,41.5,1,168.0,"5joshi scores 33.87 with recent tournament form 48.2, bancho score 34.9, consistency score 25.0; reliability 0.869, activity 0.939, provisional",{}
szedis,,,40.96,,45.16,25.0,0.8688,0.9478,33.83,True,41.09,1,133.0,"szedis scores 33.83 with recent tournament form 45.2, bancho score 41.0, consistency score 25.0; reliability 0.869, activity 0.948, provisional",{}
Mornis,,,39.9,,46.1,25.0,0.8688,0.9393,33.79,True,41.4,1,168.0,"Mornis scores 33.79 with recent tournament form 46.1, bancho score 39.9, consistency score 25.0; reliability 0.869, activity 0.939, provisional",{}
John ethken,,,35.19,,47.73,25.0,0.8688,0.9409,33.72,True,41.25,1,161.0,"John ethken scores 33.72 with recent tournament form 47.7, bancho score 35.2, consistency score 25.0; reliability 0.869, activity 0.941, provisional",{}
Tartis,,,45.95,,44.87,25.0,0.8688,0.9202,33.67,True,42.12,1,288.0,"Tartis scores 33.67 with bancho score 46.0, recent tournament form 44.9, consistency score 25.0; reliability 0.869, activity 0.920, provisional",{}
n0 head,,,39.76,,45.74,25.0,0.8688,0.9409,33.64,True,41.15,1,161.0,"n0 head scores 33.64 with recent tournament form 45.7, bancho score 39.8, consistency score 25.0; reliability 0.869, activity 0.941, provisional",{}
aimbotcone,,,72.77,,31.65,25.0,0.8688,0.9457,33.37,True,40.61,1,141.0,"aimbotcone scores 33.37 with bancho score 72.8, recent tournament form 31.6, consistency score 25.0; reliability 0.869, activity 0.946, provisional",{}
tayko,,,44.84,,42.91,25.0,0.8688,0.9425,33.3,True,40.66,1,154.0,"tayko scores 33.30 with bancho score 44.8, recent tournament form 42.9, consistency score 25.0; reliability 0.869, activity 0.943, provisional",{}
Furamun,,,40.84,,44.47,25.0,0.8688,0.9423,33.27,True,40.64,1,155.0,"Furamun scores 33.27 with recent tournament form 44.5, bancho score 40.8, consistency score 25.0; reliability 0.869, activity 0.942, provisional",{}
Zigarette,,,35.74,,47.94,25.0,0.8688,0.9194,33.15,True,41.51,1,295.0,"Zigarette scores 33.15 with recent tournament form 47.9, bancho score 35.7, consistency score 25.0; reliability 0.869, activity 0.919, provisional",{}
Nekkid,,,43.0,,43.41,25.0,0.8688,0.9393,33.07,True,40.52,1,168.0,"Nekkid scores 33.07 with recent tournament form 43.4, bancho score 43.0, consistency score 25.0; reliability 0.869, activity 0.939, provisional",{}
El Milanga,,,38.16,,45.34,25.0,0.8688,0.9393,33.06,True,40.52,1,168.0,"El Milanga scores 33.06 with recent tournament form 45.3, bancho score 38.2, consistency score 25.0; reliability 0.869, activity 0.939, provisional",{}
Burning John,,,35.03,,26.3,99.87,0.8875,0.9409,33.04,True,39.56,2,161.0,"Burning John scores 33.04 with consistency score 99.9, bancho score 35.0, recent tournament form 26.3; reliability 0.887, activity 0.941, provisional",{}
PotJohn Nutella,,,37.97,,45.23,25.0,0.8688,0.9393,32.97,True,40.4,1,168.0,"PotJohn Nutella scores 32.97 with recent tournament form 45.2, bancho score 38.0, consistency score 25.0; reliability 0.869, activity 0.939, provisional",{}
Tutel,,,51.77,,39.44,25.0,0.8688,0.9409,32.89,True,40.24,1,161.0,"Tutel scores 32.89 with bancho score 51.8, recent tournament form 39.4, consistency score 25.0; reliability 0.869, activity 0.941, provisional",{}
Chipori,,,52.62,,38.7,25.0,0.8688,0.9457,32.86,True,40.0,1,141.0,"Chipori scores 32.86 with bancho score 52.6, recent tournament form 38.7, consistency score 25.0; reliability 0.869, activity 0.946, provisional",{}
shiyumi,,,32.64,,46.93,25.0,0.8688,0.9409,32.82,True,40.14,1,161.0,"shiyumi scores 32.82 with recent tournament form 46.9, bancho score 32.6, consistency score 25.0; reliability 0.869, activity 0.941, provisional",{}
GAO HAO,,,25.29,,49.5,25.0,0.8688,0.9459,32.8,True,39.92,1,140.0,"GAO HAO scores 32.80 with recent tournament form 49.5, bancho score 25.3, consistency score 25.0; reliability 0.869, activity 0.946, provisional",{}
iamVill,,,35.01,,46.08,25.0,0.8688,0.9389,32.79,True,40.2,1,170.0,"iamVill scores 32.79 with recent tournament form 46.1, bancho score 35.0, consistency score 25.0; reliability 0.869, activity 0.939, provisional",{}
gilgamesh815,,,20.49,,33.96,96.43,0.8875,0.9194,32.77,True,40.16,2,295.0,"gilgamesh815 scores 32.77 with consistency score 96.4, recent tournament form 34.0, bancho score 20.5; reliability 0.887, activity 0.919, provisional",{}
Vagabond,,,45.58,,43.13,25.0,0.8688,0.9187,32.71,True,40.98,1,302.0,"Vagabond scores 32.71 with bancho score 45.6, recent tournament form 43.1, consistency score 25.0; reliability 0.869, activity 0.919, provisional",{}
Seiong,,,49.27,,40.07,25.0,0.8688,0.9409,32.71,True,40.02,1,161.0,"Seiong scores 32.71 with bancho score 49.3, recent tournament form 40.1, consistency score 25.0; reliability 0.869, activity 0.941, provisional",{}
gheanfoil,,,46.56,,40.91,25.0,0.8688,0.9423,32.64,True,39.87,1,155.0,"gheanfoil scores 32.64 with bancho score 46.6, recent tournament form 40.9, consistency score 25.0; reliability 0.869, activity 0.942, provisional",{}
synoxa,,,57.46,,37.98,25.0,0.8688,0.921,32.59,True,40.74,1,281.0,"synoxa scores 32.59 with bancho score 57.5, recent tournament form 38.0, consistency score 25.0; reliability 0.869, activity 0.921, provisional",{}
Hinamon,,,46.82,,40.67,25.0,0.8688,0.9409,32.52,True,39.79,1,161.0,"Hinamon scores 32.52 with bancho score 46.8, recent tournament form 40.7, consistency score 25.0; reliability 0.869, activity 0.941, provisional",{}
Bomilk,,,46.65,,40.73,25.0,0.8688,0.9409,32.52,True,39.78,1,161.0,"Bomilk scores 32.52 with bancho score 46.7, recent tournament form 40.7, consistency score 25.0; reliability 0.869, activity 0.941, provisional",{}
8581210,,,52.08,,40.05,25.0,0.8688,0.9187,32.47,True,40.69,1,302.0,"8581210 scores 32.47 with bancho score 52.1, recent tournament form 40.0, consistency score 25.0; reliability 0.869, activity 0.919, provisional",{}
Spinesnight,,,33.58,,45.73,25.0,0.8688,0.9425,32.46,True,39.64,1,154.0,"Spinesnight scores 32.46 with recent tournament form 45.7, bancho score 33.6, consistency score 25.0; reliability 0.869, activity 0.943, provisional",{}
tfge,,,32.7,,47.58,25.0,0.8688,0.9194,32.39,True,40.55,1,295.0,"tfge scores 32.39 with recent tournament form 47.6, bancho score 32.7, consistency score 25.0; reliability 0.869, activity 0.919, provisional",{}
Homutan,,,51.03,,38.49,25.0,0.8688,0.9423,32.33,True,39.49,1,155.0,"Homutan scores 32.33 with bancho score 51.0, recent tournament form 38.5, consistency score 25.0; reliability 0.869, activity 0.942, provisional",{}
Gonzah,,,52.69,,37.68,25.0,0.8688,0.9439,32.31,True,39.4,1,148.0,"Gonzah scores 32.31 with bancho score 52.7, recent tournament form 37.7, consistency score 25.0; reliability 0.869, activity 0.944, provisional",{}
flyond,,,26.53,,48.37,25.0,0.8688,0.9393,32.26,True,39.54,1,168.0,"flyond scores 32.26 with recent tournament form 48.4, bancho score 26.5, consistency score 25.0; reliability 0.869, activity 0.939, provisional",{}
viciobylike,,,46.86,,39.94,25.0,0.8688,0.9409,32.17,True,39.35,1,161.0,"viciobylike scores 32.17 with bancho score 46.9, recent tournament form 39.9, consistency score 25.0; reliability 0.869, activity 0.941, provisional",{}
ChaiPhukChep,,,42.36,,41.64,25.0,0.8688,0.9409,32.12,True,39.29,1,161.0,"ChaiPhukChep scores 32.12 with bancho score 42.4, recent tournament form 41.6, consistency score 25.0; reliability 0.869, activity 0.941, provisional",{}
haga1115,,,50.12,,38.25,25.0,0.8688,0.9423,32.03,True,39.12,1,155.0,"haga1115 scores 32.03 with bancho score 50.1, recent tournament form 38.2, consistency score 25.0; reliability 0.869, activity 0.942, provisional",{}
Nev-,,,42.55,,42.88,25.0,0.8688,0.9194,32.02,True,40.09,1,295.0,"Nev- scores 32.02 with recent tournament form 42.9, bancho score 42.5, consistency score 25.0; reliability 0.869, activity 0.919, provisional",{}
Homura--,,,33.17,,44.88,25.0,0.8688,0.9442,32.02,True,39.03,1,147.0,"Homura-- scores 32.02 with recent tournament form 44.9, bancho score 33.2, consistency score 25.0; reliability 0.869, activity 0.944, provisional",{}
shouponpon,,,38.35,,42.75,25.0,0.8688,0.9423,31.92,True,38.99,1,155.0,"shouponpon scores 31.92 with recent tournament form 42.8, bancho score 38.4, consistency score 25.0; reliability 0.869, activity 0.942, provisional",{}
Lunasa,,,42.03,,41.3,25.0,0.8688,0.9409,31.89,True,39.01,1,161.0,"Lunasa scores 31.89 with bancho score 42.0, recent tournament form 41.3, consistency score 25.0; reliability 0.869, activity 0.941, provisional",{}
baoo,,,38.71,,42.67,25.0,0.8688,0.9389,31.84,True,39.03,1,170.0,"baoo scores 31.84 with recent tournament form 42.7, bancho score 38.7, consistency score 25.0; reliability 0.869, activity 0.939, provisional",{}
BELLOFIGO,,,40.28,,41.67,25.0,0.8688,0.9378,31.62,True,38.81,1,175.0,"BELLOFIGO scores 31.62 with recent tournament form 41.7, bancho score 40.3, consistency score 25.0; reliability 0.869, activity 0.938, provisional",{}
danialinoo,,,39.49,,41.7,25.0,0.8688,0.9409,31.58,True,38.63,1,161.0,"danialinoo scores 31.58 with recent tournament form 41.7, bancho score 39.5, consistency score 25.0; reliability 0.869, activity 0.941, provisional",{}
towny1,,,44.31,,39.57,25.0,0.8688,0.942,31.52,True,38.51,1,156.0,"towny1 scores 31.52 with bancho score 44.3, recent tournament form 39.6, consistency score 25.0; reliability 0.869, activity 0.942, provisional",{}
[dekori],,,39.45,,41.41,25.0,0.8688,0.942,31.47,True,38.45,1,156.0,"[dekori] scores 31.47 with recent tournament form 41.4, bancho score 39.5, consistency score 25.0; reliability 0.869, activity 0.942, provisional",{}
Meower,,,38.61,,41.9,25.0,0.8688,0.9391,31.45,True,38.54,1,169.0,"Meower scores 31.45 with recent tournament form 41.9, bancho score 38.6, consistency score 25.0; reliability 0.869, activity 0.939, provisional",{}
EVIL BALNER,,,34.87,,43.38,25.0,0.8688,0.9393,31.44,True,38.53,1,168.0,"EVIL BALNER scores 31.44 with recent tournament form 43.4, bancho score 34.9, consistency score 25.0; reliability 0.869, activity 0.939, provisional",{}
BabyScylla,,,35.39,,42.86,25.0,0.8688,0.942,31.38,True,38.34,1,156.0,"BabyScylla scores 31.38 with recent tournament form 42.9, bancho score 35.4, consistency score 25.0; reliability 0.869, activity 0.942, provisional",{}
kagiura,,,32.03,,44.07,25.0,0.8688,0.9425,31.33,True,38.26,1,154.0,"kagiura scores 31.33 with recent tournament form 44.1, bancho score 32.0, consistency score 25.0; reliability 0.869, activity 0.943, provisional",{}
defii,,,42.41,,41.28,25.0,0.8688,0.9203,31.25,True,39.09,1,287.0,"defii scores 31.25 with bancho score 42.4, recent tournament form 41.3, consistency score 25.0; reliability 0.869, activity 0.920, provisional",{}
Kalanluu,,,27.78,,45.61,25.0,0.8688,0.9423,31.24,True,38.16,1,155.0,"Kalanluu scores 31.24 with recent tournament form 45.6, bancho score 27.8, consistency score 25.0; reliability 0.869, activity 0.942, provisional",{}
fedotoff,,,52.73,,37.24,25.0,0.8688,0.9181,31.22,True,39.14,1,308.0,"fedotoff scores 31.22 with bancho score 52.7, recent tournament form 37.2, consistency score 25.0; reliability 0.869, activity 0.918, provisional",{}
stllok,,,20.47,,50.0,25.0,0.8688,0.918,31.15,True,39.05,1,309.0,"stllok scores 31.15 with recent tournament form 50.0, consistency score 25.0, bancho score 20.5; reliability 0.869, activity 0.918, provisional",{}
3uma,,,35.85,,42.06,25.0,0.8688,0.9409,31.04,True,37.97,1,161.0,"3uma scores 31.04 with recent tournament form 42.1, bancho score 35.8, consistency score 25.0; reliability 0.869, activity 0.941, provisional",{}
Hana buys milk,,,43.81,,38.55,25.0,0.8688,0.9439,30.98,True,37.77,1,148.0,"Hana buys milk scores 30.98 with bancho score 43.8, recent tournament form 38.5, consistency score 25.0; reliability 0.869, activity 0.944, provisional",{}
-NyX,,,37.75,,41.09,25.0,0.8688,0.9407,30.93,True,37.84,1,162.0,"-NyX scores 30.93 with recent tournament form 41.1, bancho score 37.8, consistency score 25.0; reliability 0.869, activity 0.941, provisional",{}
nooneloves,,,47.13,,37.05,25.0,0.8688,0.9393,30.74,True,37.67,1,168.0,"nooneloves scores 30.74 with bancho score 47.1, recent tournament form 37.0, consistency score 25.0; reliability 0.869, activity 0.939, provisional",{}
Kotsik,,,51.63,,35.22,25.0,0.8688,0.9393,30.73,True,37.65,1,168.0,"Kotsik scores 30.73 with bancho score 51.6, recent tournament form 35.2, consistency score 25.0; reliability 0.869, activity 0.939, provisional",{}
ZeitFrost,,,37.92,,40.05,25.0,0.8688,0.9457,30.61,True,37.25,1,141.0,"ZeitFrost scores 30.61 with recent tournament form 40.0, bancho score 37.9, consistency score 25.0; reliability 0.869, activity 0.946, provisional",{}
Hibiki,,,33.26,,42.05,25.0,0.8688,0.9393,30.47,True,37.34,1,168.0,"Hibiki scores 30.47 with recent tournament form 42.0, bancho score 33.3, consistency score 25.0; reliability 0.869, activity 0.939, provisional",{}
Crestive,,,42.5,,39.68,25.0,0.8688,0.9194,30.46,True,38.14,1,295.0,"Crestive scores 30.46 with bancho score 42.5, recent tournament form 39.7, consistency score 25.0; reliability 0.869, activity 0.919, provisional",{}
mabayu,,,34.01,,41.63,25.0,0.8688,0.9409,30.46,True,37.26,1,161.0,"mabayu scores 30.46 with recent tournament form 41.6, bancho score 34.0, consistency score 25.0; reliability 0.869, activity 0.941, provisional",{}
Ievi-,,,33.69,,41.67,25.0,0.8688,0.9423,30.46,True,37.21,1,155.0,"Ievi- scores 30.46 with recent tournament form 41.7, bancho score 33.7, consistency score 25.0; reliability 0.869, activity 0.942, provisional",{}
marbl,,,38.42,,39.69,25.0,0.8688,0.942,30.41,True,37.16,1,156.0,"marbl scores 30.41 with recent tournament form 39.7, bancho score 38.4, consistency score 25.0; reliability 0.869, activity 0.942, provisional",{}
NO37,,,31.16,,42.43,25.0,0.8688,0.9439,30.39,True,37.06,1,148.0,"NO37 scores 30.39 with recent tournament form 42.4, bancho score 31.2, consistency score 25.0; reliability 0.869, activity 0.944, provisional",{}
MyAimPeeps,,,33.7,,41.42,25.0,0.8688,0.9393,30.24,True,37.06,1,168.0,"MyAimPeeps scores 30.24 with recent tournament form 41.4, bancho score 33.7, consistency score 25.0; reliability 0.869, activity 0.939, provisional",{}
DaHuJka,,,38.5,,40.84,25.0,0.8688,0.9187,30.23,True,37.87,1,302.0,"DaHuJka scores 30.23 with recent tournament form 40.8, bancho score 38.5, consistency score 25.0; reliability 0.869, activity 0.919, provisional",{}
Lirumin,,,30.73,,43.92,25.0,0.8688,0.9187,30.22,True,37.86,1,302.0,"Lirumin scores 30.22 with recent tournament form 43.9, bancho score 30.7, consistency score 25.0; reliability 0.869, activity 0.919, provisional",{}
Kuronora,,,35.42,,40.59,25.0,0.8688,0.9391,30.17,True,36.97,1,169.0,"Kuronora scores 30.17 with recent tournament form 40.6, bancho score 35.4, consistency score 25.0; reliability 0.869, activity 0.939, provisional",{}
toybot,,,40.89,,39.66,25.0,0.8688,0.9194,30.14,True,37.74,1,295.0,"toybot scores 30.14 with bancho score 40.9, recent tournament form 39.7, consistency score 25.0; reliability 0.869, activity 0.919, provisional",{}
GodRoPoNiKa,,,51.37,,35.46,25.0,0.8688,0.9187,30.12,True,37.73,1,302.0,"GodRoPoNiKa scores 30.12 with bancho score 51.4, recent tournament form 35.5, consistency score 25.0; reliability 0.869, activity 0.919, provisional",{}
Lightningfox,,,21.94,,45.67,25.0,0.8688,0.9423,30.12,True,36.79,1,155.0,"Lightningfox scores 30.12 with recent tournament form 45.7, consistency score 25.0, bancho score 21.9; reliability 0.869, activity 0.942, provisional",{}
karate,,,39.93,,39.87,25.0,0.8688,0.9202,30.09,True,37.63,1,288.0,"karate scores 30.09 with bancho score 39.9, recent tournament form 39.9, consistency score 25.0; reliability 0.869, activity 0.920, provisional",{}
MYKEYBOARD,,,49.37,,34.38,25.0,0.8688,0.9457,30.07,True,36.59,1,141.0,"MYKEYBOARD scores 30.07 with bancho score 49.4, recent tournament form 34.4, consistency score 25.0; reliability 0.869, activity 0.946, provisional",{}
nemq,,,31.29,,43.15,25.0,0.8688,0.9194,29.97,True,37.52,1,295.0,"nemq scores 29.97 with recent tournament form 43.1, bancho score 31.3, consistency score 25.0; reliability 0.869, activity 0.919, provisional",{}
RyooYamada,,,62.38,,30.64,25.0,0.8688,0.9188,29.92,True,37.48,1,301.0,"RyooYamada scores 29.92 with bancho score 62.4, recent tournament form 30.6, consistency score 25.0; reliability 0.869, activity 0.919, provisional",{}
ming0328ming,,,34.91,,40.28,25.0,0.8688,0.9393,29.92,True,36.66,1,168.0,"ming0328ming scores 29.92 with recent tournament form 40.3, bancho score 34.9, consistency score 25.0; reliability 0.869, activity 0.939, provisional",{}
Clutch,,,40.5,,37.78,25.0,0.8688,0.9423,29.88,True,36.5,1,155.0,"Clutch scores 29.88 with bancho score 40.5, recent tournament form 37.8, consistency score 25.0; reliability 0.869, activity 0.942, provisional",{}
godzilla,,,25.45,,45.17,25.0,0.8688,0.9187,29.8,True,37.33,1,302.0,"godzilla scores 29.80 with recent tournament form 45.2, bancho score 25.4, consistency score 25.0; reliability 0.869, activity 0.919, provisional",{}
Big Yikes,,,32.11,,41.1,25.0,0.8688,0.9391,29.77,True,36.48,1,169.0,"Big Yikes scores 29.77 with recent tournament form 41.1, bancho score 32.1, consistency score 25.0; reliability 0.869, activity 0.939, provisional",{}
Lantis,,,38.19,,38.35,25.0,0.8688,0.9423,29.71,True,36.29,1,155.0,"Lantis scores 29.71 with recent tournament form 38.4, bancho score 38.2, consistency score 25.0; reliability 0.869, activity 0.942, provisional",{}
hosesan1020,,,37.15,,38.75,25.0,0.8688,0.9423,29.7,True,36.28,1,155.0,"hosesan1020 scores 29.70 with recent tournament form 38.8, bancho score 37.1, consistency score 25.0; reliability 0.869, activity 0.942, provisional",{}
Pregnancy,,,38.12,,38.32,25.0,0.8688,0.9393,29.59,True,36.25,1,168.0,"Pregnancy scores 29.59 with recent tournament form 38.3, bancho score 38.1, consistency score 25.0; reliability 0.869, activity 0.939, provisional",{}
Emerald Ages,,,23.27,,45.48,25.0,0.8688,0.9194,29.55,True,36.99,1,295.0,"Emerald Ages scores 29.55 with recent tournament form 45.5, consistency score 25.0, bancho score 23.3; reliability 0.869, activity 0.919, provisional",{}
thebeastjona,,,40.9,,36.88,25.0,0.8688,0.9389,29.41,True,36.05,1,170.0,"thebeastjona scores 29.41 with bancho score 40.9, recent tournament form 36.9, consistency score 25.0; reliability 0.869, activity 0.939, provisional",{}
duke,,,33.84,,39.55,25.0,0.8688,0.9407,29.39,True,35.96,1,162.0,"duke scores 29.39 with recent tournament form 39.5, bancho score 33.8, consistency score 25.0; reliability 0.869, activity 0.941, provisional",{}
Tofy,,,49.92,,33.07,25.0,0.8688,0.9409,29.37,True,35.93,1,161.0,"Tofy scores 29.37 with bancho score 49.9, recent tournament form 33.1, consistency score 25.0; reliability 0.869, activity 0.941, provisional",{}
My Angel Adry,,,28.13,,41.6,25.0,0.8688,0.9409,29.28,True,35.82,1,161.0,"My Angel Adry scores 29.28 with recent tournament form 41.6, bancho score 28.1, consistency score 25.0; reliability 0.869, activity 0.941, provisional",{}
AlexBelea,,,34.63,,38.78,25.0,0.8688,0.9423,29.21,True,35.69,1,155.0,"AlexBelea scores 29.21 with recent tournament form 38.8, bancho score 34.6, consistency score 25.0; reliability 0.869, activity 0.942, provisional",{}
YokesPai,,,26.76,,41.76,25.0,0.8688,0.9439,29.18,True,35.58,1,148.0,"YokesPai scores 29.18 with recent tournament form 41.8, bancho score 26.8, consistency score 25.0; reliability 0.869, activity 0.944, provisional",{}
lystia,,,36.15,,37.96,25.0,0.8688,0.9439,29.16,True,35.56,1,148.0,"lystia scores 29.16 with recent tournament form 38.0, bancho score 36.2, consistency score 25.0; reliability 0.869, activity 0.944, provisional",{}
orngoos,,,48.68,,34.5,25.0,0.8688,0.9188,29.14,True,36.5,1,301.0,"orngoos scores 29.14 with bancho score 48.7, recent tournament form 34.5, consistency score 25.0; reliability 0.869, activity 0.919, provisional",{}
vljoy209,,,48.78,,34.41,25.0,0.8688,0.9187,29.11,True,36.47,1,302.0,"vljoy209 scores 29.11 with bancho score 48.8, recent tournament form 34.4, consistency score 25.0; reliability 0.869, activity 0.919, provisional",{}
bobiak,,,40.12,,37.65,25.0,0.8688,0.9203,29.05,True,36.33,1,287.0,"bobiak scores 29.05 with bancho score 40.1, recent tournament form 37.6, consistency score 25.0; reliability 0.869, activity 0.920, provisional",{}
Another Guy,,,33.63,,39.07,25.0,0.8688,0.9389,29.05,True,35.62,1,170.0,"Another Guy scores 29.05 with recent tournament form 39.1, bancho score 33.6, consistency score 25.0; reliability 0.869, activity 0.939, provisional",{}
stellasu,,,29.39,,41.61,25.0,0.8688,0.9194,28.86,True,36.13,1,295.0,"stellasu scores 28.86 with recent tournament form 41.6, bancho score 29.4, consistency score 25.0; reliability 0.869, activity 0.919, provisional",{}
Orkay,,,36.72,,37.03,25.0,0.8688,0.9423,28.76,True,35.13,1,155.0,"Orkay scores 28.76 with recent tournament form 37.0, bancho score 36.7, consistency score 25.0; reliability 0.869, activity 0.942, provisional",{}
ItzZeroIce,,,30.97,,39.31,25.0,0.8688,0.9409,28.71,True,35.12,1,161.0,"ItzZeroIce scores 28.71 with recent tournament form 39.3, bancho score 31.0, consistency score 25.0; reliability 0.869, activity 0.941, provisional",{}
Aotoleen,,,31.88,,38.84,25.0,0.8688,0.9423,28.7,True,35.06,1,155.0,"Aotoleen scores 28.70 with recent tournament form 38.8, bancho score 31.9, consistency score 25.0; reliability 0.869, activity 0.942, provisional",{}
Eagle5324,,,45.56,,33.14,25.0,0.8688,0.9409,28.54,True,34.92,1,161.0,"Eagle5324 scores 28.54 with bancho score 45.6, recent tournament form 33.1, consistency score 25.0; reliability 0.869, activity 0.941, provisional",{}
Fejlan,,,23.43,,41.88,25.0,0.8688,0.9423,28.53,True,34.85,1,155.0,"Fejlan scores 28.53 with recent tournament form 41.9, consistency score 25.0, bancho score 23.4; reliability 0.869, activity 0.942, provisional",{}
perhap,,,25.49,,41.01,25.0,0.8688,0.9425,28.51,True,34.82,1,154.0,"perhap scores 28.51 with recent tournament form 41.0, bancho score 25.5, consistency score 25.0; reliability 0.869, activity 0.943, provisional",{}
Hober38,,,45.61,,32.66,25.0,0.8688,0.9439,28.41,True,34.64,1,148.0,"Hober38 scores 28.41 with bancho score 45.6, recent tournament form 32.7, consistency score 25.0; reliability 0.869, activity 0.944, provisional",{}
aahoff,,,30.07,,40.16,25.0,0.8688,0.9194,28.29,True,35.42,1,295.0,"aahoff scores 28.29 with recent tournament form 40.2, bancho score 30.1, consistency score 25.0; reliability 0.869, activity 0.919, provisional",{}
NO67,,,27.56,,39.7,25.0,0.8688,0.9423,28.27,True,34.53,1,155.0,"NO67 scores 28.27 with recent tournament form 39.7, bancho score 27.6, consistency score 25.0; reliability 0.869, activity 0.942, provisional",{}
Grippeh,,,32.63,,37.64,25.0,0.8688,0.9423,28.25,True,34.51,1,155.0,"Grippeh scores 28.25 with recent tournament form 37.6, bancho score 32.6, consistency score 25.0; reliability 0.869, activity 0.942, provisional",{}
MiguisXD,,,33.89,,37.14,25.0,0.8688,0.9409,28.21,True,34.51,1,161.0,"MiguisXD scores 28.21 with recent tournament form 37.1, bancho score 33.9, consistency score 25.0; reliability 0.869, activity 0.941, provisional",{}
tomadoi,,,31.08,,37.93,25.0,0.8688,0.9423,28.09,True,34.31,1,155.0,"tomadoi scores 28.09 with recent tournament form 37.9, bancho score 31.1, consistency score 25.0; reliability 0.869, activity 0.942, provisional",{}
Teppi Fangirl,,,22.38,,41.19,25.0,0.8688,0.9423,27.98,True,34.18,1,155.0,"Teppi Fangirl scores 27.98 with recent tournament form 41.2, consistency score 25.0, bancho score 22.4; reliability 0.869, activity 0.942, provisional",{}
Joyi,,,40.1,,35.5,25.0,0.8688,0.9187,27.96,True,35.03,1,302.0,"Joyi scores 27.96 with bancho score 40.1, recent tournament form 35.5, consistency score 25.0; reliability 0.869, activity 0.919, provisional",{}
MRB,,,19.78,,42.27,25.0,0.8688,0.9393,27.91,True,34.2,1,168.0,"MRB scores 27.91 with recent tournament form 42.3, consistency score 25.0, bancho score 19.8; reliability 0.869, activity 0.939, provisional",{}
Eevert,,,37.56,,36.25,25.0,0.8688,0.9194,27.85,True,34.86,1,295.0,"Eevert scores 27.85 with bancho score 37.6, recent tournament form 36.2, consistency score 25.0; reliability 0.869, activity 0.919, provisional",{}
Eirra,,,30.05,,39.21,25.0,0.8688,0.9194,27.83,True,34.84,1,295.0,"Eirra scores 27.83 with recent tournament form 39.2, bancho score 30.0, consistency score 25.0; reliability 0.869, activity 0.919, provisional",{}
dracoria,,,29.97,,37.65,25.0,0.8688,0.9409,27.69,True,33.87,1,161.0,"dracoria scores 27.69 with recent tournament form 37.6, bancho score 30.0, consistency score 25.0; reliability 0.869, activity 0.941, provisional",{}
trushpack,,,35.83,,35.16,25.0,0.8688,0.9393,27.57,True,33.78,1,168.0,"trushpack scores 27.57 with bancho score 35.8, recent tournament form 35.2, consistency score 25.0; reliability 0.869, activity 0.939, provisional",{}
Hellbeak,,,32.68,,37.51,25.0,0.8688,0.9194,27.51,True,34.44,1,295.0,"Hellbeak scores 27.51 with recent tournament form 37.5, bancho score 32.7, consistency score 25.0; reliability 0.869, activity 0.919, provisional",{}
G e n g a o z o,,,36.68,,34.17,25.0,0.8688,0.9478,27.49,True,33.39,1,133.0,"G e n g a o z o scores 27.49 with bancho score 36.7, recent tournament form 34.2, consistency score 25.0; reliability 0.869, activity 0.948, provisional",{}
Polle,,,31.03,,36.5,25.0,0.8688,0.9389,27.27,True,33.43,1,170.0,"Polle scores 27.27 with recent tournament form 36.5, bancho score 31.0, consistency score 25.0; reliability 0.869, activity 0.939, provisional",{}
EPEMA,,,29.09,,37.21,25.0,0.8688,0.9393,27.25,True,33.39,1,168.0,"EPEMA scores 27.25 with recent tournament form 37.2, bancho score 29.1, consistency score 25.0; reliability 0.869, activity 0.939, provisional",{}
xymbii,,,48.36,,30.51,25.0,0.8688,0.9187,27.14,True,34.0,1,302.0,"xymbii scores 27.14 with bancho score 48.4, recent tournament form 30.5, consistency score 25.0; reliability 0.869, activity 0.919, provisional",{}
arekk,,,52.69,,28.42,25.0,0.8688,0.9188,26.97,True,33.79,1,301.0,"arekk scores 26.97 with bancho score 52.7, recent tournament form 28.4, consistency score 25.0; reliability 0.869, activity 0.919, provisional",{}
Indiana,,,36.16,,34.78,25.0,0.8688,0.9187,26.84,True,33.63,1,302.0,"Indiana scores 26.84 with bancho score 36.2, recent tournament form 34.8, consistency score 25.0; reliability 0.869, activity 0.919, provisional",{}
lifetime,,,42.45,,30.85,25.0,0.8688,0.9409,26.79,True,32.78,1,161.0,"lifetime scores 26.79 with bancho score 42.5, recent tournament form 30.9, consistency score 25.0; reliability 0.869, activity 0.941, provisional",{}
P r a h,,,25.48,,37.33,25.0,0.8688,0.9409,26.64,True,32.59,1,161.0,"P r a h scores 26.64 with recent tournament form 37.3, bancho score 25.5, consistency score 25.0; reliability 0.869, activity 0.941, provisional",{}
xXChokgamerXx,,,25.91,,36.98,25.0,0.8688,0.9439,26.64,True,32.48,1,148.0,"xXChokgamerXx scores 26.64 with recent tournament form 37.0, bancho score 25.9, consistency score 25.0; reliability 0.869, activity 0.944, provisional",{}
synchromic,,,43.06,,31.8,25.0,0.8688,0.9148,26.62,True,33.5,1,344.0,"synchromic scores 26.62 with bancho score 43.1, recent tournament form 31.8, consistency score 25.0; reliability 0.869, activity 0.915, provisional",{}
Vinnie,,,24.83,,37.15,25.0,0.8688,0.9393,26.38,True,32.32,1,168.0,"Vinnie scores 26.38 with recent tournament form 37.1, consistency score 25.0, bancho score 24.8; reliability 0.869, activity 0.939, provisional",{}
_Kasaezic,,,33.33,,33.76,25.0,0.8688,0.9389,26.37,True,32.33,1,170.0,"_Kasaezic scores 26.37 with recent tournament form 33.8, bancho score 33.3, consistency score 25.0; reliability 0.869, activity 0.939, provisional",{}
BlankTap,,,23.35,,36.35,25.0,0.8688,0.96,26.25,True,31.48,1,92.0,"BlankTap scores 26.25 with recent tournament form 36.4, consistency score 25.0, bancho score 23.3; reliability 0.869, activity 0.960, provisional",{}
miinr,,,38.03,,31.36,25.0,0.8688,0.9409,26.17,True,32.01,1,161.0,"miinr scores 26.17 with bancho score 38.0, recent tournament form 31.4, consistency score 25.0; reliability 0.869, activity 0.941, provisional",{}
Belladonna,,,46.94,,29.01,25.0,0.8688,0.9187,26.14,True,32.75,1,302.0,"Belladonna scores 26.14 with bancho score 46.9, recent tournament form 29.0, consistency score 25.0; reliability 0.869, activity 0.919, provisional",{}
Amuro,,,33.45,,32.85,25.0,0.8688,0.9409,26.0,True,31.81,1,161.0,"Amuro scores 26.00 with bancho score 33.4, recent tournament form 32.9, consistency score 25.0; reliability 0.869, activity 0.941, provisional",{}
N1ghtbeat,,,26.02,,36.88,25.0,0.8688,0.9194,25.92,True,32.45,1,295.0,"N1ghtbeat scores 25.92 with recent tournament form 36.9, bancho score 26.0, consistency score 25.0; reliability 0.869, activity 0.919, provisional",{}
tgnalice,,,36.89,,31.35,25.0,0.8688,0.9391,25.89,True,31.73,1,169.0,"tgnalice scores 25.89 with bancho score 36.9, recent tournament form 31.4, consistency score 25.0; reliability 0.869, activity 0.939, provisional",{}
Suzuha,,,36.95,,32.43,25.0,0.8688,0.9187,25.86,True,32.4,1,302.0,"Suzuha scores 25.86 with bancho score 37.0, recent tournament form 32.4, consistency score 25.0; reliability 0.869, activity 0.919, provisional",{}
1ncert,,,30.44,,34.98,25.0,0.8688,0.9194,25.85,True,32.37,1,295.0,"1ncert scores 25.85 with recent tournament form 35.0, bancho score 30.4, consistency score 25.0; reliability 0.869, activity 0.919, provisional",{}
capybaras,,,41.02,,29.43,25.0,0.8688,0.9423,25.84,True,31.57,1,155.0,"capybaras scores 25.84 with bancho score 41.0, recent tournament form 29.4, consistency score 25.0; reliability 0.869, activity 0.942, provisional",{}
pr1mary,,,36.88,,30.93,25.0,0.8688,0.9439,25.81,True,31.47,1,148.0,"pr1mary scores 25.81 with bancho score 36.9, recent tournament form 30.9, consistency score 25.0; reliability 0.869, activity 0.944, provisional",{}
Teppi,,,26.75,,35.0,25.0,0.8688,0.9423,25.78,True,31.48,1,155.0,"Teppi scores 25.78 with recent tournament form 35.0, bancho score 26.7, consistency score 25.0; reliability 0.869, activity 0.942, provisional",{}
pii,,,42.59,,28.66,25.0,0.8688,0.9425,25.78,True,31.48,1,154.0,"pii scores 25.78 with bancho score 42.6, recent tournament form 28.7, consistency score 25.0; reliability 0.869, activity 0.943, provisional",{}
melwem,,,35.47,,31.3,25.0,0.8688,0.9423,25.67,True,31.36,1,155.0,"melwem scores 25.67 with bancho score 35.5, recent tournament form 31.3, consistency score 25.0; reliability 0.869, activity 0.942, provisional",{}
PeterPen,,,36.67,,30.48,25.0,0.8688,0.9391,25.41,True,31.15,1,169.0,"PeterPen scores 25.41 with bancho score 36.7, recent tournament form 30.5, consistency score 25.0; reliability 0.869, activity 0.939, provisional",{}
CRIMEA,,,40.46,,28.64,25.0,0.8688,0.9393,25.26,True,30.95,1,168.0,"CRIMEA scores 25.26 with bancho score 40.5, recent tournament form 28.6, consistency score 25.0; reliability 0.869, activity 0.939, provisional",{}
LittleFede,,,38.27,,29.47,25.0,0.8688,0.9393,25.24,True,30.93,1,168.0,"LittleFede scores 25.24 with bancho score 38.3, recent tournament form 29.5, consistency score 25.0; reliability 0.869, activity 0.939, provisional",{}
junamat,,,36.77,,29.6,25.0,0.8688,0.942,25.08,True,30.64,1,156.0,"junamat scores 25.08 with bancho score 36.8, recent tournament form 29.6, consistency score 25.0; reliability 0.869, activity 0.942, provisional",{}
Vo Hieu Grape,,,24.79,,34.34,25.0,0.8688,0.9389,24.97,True,30.61,1,170.0,"Vo Hieu Grape scores 24.97 with recent tournament form 34.3, consistency score 25.0, bancho score 24.8; reliability 0.869, activity 0.939, provisional",{}
smashcae,,,25.62,,33.59,25.0,0.8688,0.9409,24.82,True,30.36,1,161.0,"smashcae scores 24.82 with recent tournament form 33.6, bancho score 25.6, consistency score 25.0; reliability 0.869, activity 0.941, provisional",{}
mads,,,41.93,,27.19,25.0,0.8688,0.9378,24.79,True,30.43,1,175.0,"mads scores 24.79 with bancho score 41.9, recent tournament form 27.2, consistency score 25.0; reliability 0.869, activity 0.938, provisional",{}
Ravexi,,,38.89,,28.15,25.0,0.8688,0.9409,24.75,True,30.28,1,161.0,"Ravexi scores 24.75 with bancho score 38.9, recent tournament form 28.1, consistency score 25.0; reliability 0.869, activity 0.941, provisional",{}
daanit,,,34.62,,29.85,25.0,0.8688,0.9393,24.7,True,30.27,1,168.0,"daanit scores 24.70 with bancho score 34.6, recent tournament form 29.9, consistency score 25.0; reliability 0.869, activity 0.939, provisional",{}
big snag,,,48.64,,23.74,25.0,0.8688,0.9475,24.67,True,29.97,1,134.0,"big snag scores 24.67 with bancho score 48.6, consistency score 25.0, recent tournament form 23.7; reliability 0.869, activity 0.948, provisional",{}
Palodex,,,25.27,,33.32,25.0,0.8688,0.942,24.64,True,30.11,1,156.0,"Palodex scores 24.64 with recent tournament form 33.3, bancho score 25.3, consistency score 25.0; reliability 0.869, activity 0.942, provisional",{}
Rosemi Lovelock,,,35.36,,28.1,25.0,0.8688,0.96,24.51,True,29.39,1,92.0,"Rosemi Lovelock scores 24.51 with bancho score 35.4, recent tournament form 28.1, consistency score 25.0; reliability 0.869, activity 0.960, provisional",{}
milimea,,,36.62,,29.27,25.0,0.8688,0.9187,24.27,True,30.4,1,302.0,"milimea scores 24.27 with bancho score 36.6, recent tournament form 29.3, consistency score 25.0; reliability 0.869, activity 0.919, provisional",{}
Gerard Way,,,29.38,,30.89,25.0,0.8688,0.9393,24.18,True,29.63,1,168.0,"Gerard Way scores 24.18 with recent tournament form 30.9, bancho score 29.4, consistency score 25.0; reliability 0.869, activity 0.939, provisional",{}
Ryuzaki,,,41.81,,25.59,25.0,0.8688,0.9407,24.05,True,29.43,1,162.0,"Ryuzaki scores 24.05 with bancho score 41.8, recent tournament form 25.6, consistency score 25.0; reliability 0.869, activity 0.941, provisional",{}
supergirl,,,29.73,,29.76,25.0,0.8688,0.9409,23.73,True,29.03,1,161.0,"supergirl scores 23.73 with recent tournament form 29.8, bancho score 29.7, consistency score 25.0; reliability 0.869, activity 0.941, provisional",{}
_Chonker,,,44.63,,24.27,25.0,0.8688,0.9194,23.42,True,29.32,1,295.0,"_Chonker scores 23.42 with bancho score 44.6, consistency score 25.0, recent tournament form 24.3; reliability 0.869, activity 0.919, provisional",{}
m4rkvc,,,21.92,,32.24,25.0,0.8688,0.9407,23.41,True,28.64,1,162.0,"m4rkvc scores 23.41 with recent tournament form 32.2, consistency score 25.0, bancho score 21.9; reliability 0.869, activity 0.941, provisional",{}
Moonlit111,,,33.06,,27.09,25.0,0.8688,0.9439,23.14,True,28.22,1,148.0,"Moonlit111 scores 23.14 with bancho score 33.1, recent tournament form 27.1, consistency score 25.0; reliability 0.869, activity 0.944, provisional",{}
-lion,,,39.98,,25.38,25.0,0.8688,0.9188,23.04,True,28.86,1,301.0,"-lion scores 23.04 with bancho score 40.0, recent tournament form 25.4, consistency score 25.0; reliability 0.869, activity 0.919, provisional",{}
AHotDawg,,,30.52,,27.95,25.0,0.8688,0.9409,22.99,True,28.13,1,161.0,"AHotDawg scores 22.99 with bancho score 30.5, recent tournament form 27.9, consistency score 25.0; reliability 0.869, activity 0.941, provisional",{}
LUNAISTABBY,,,25.68,,31.19,25.0,0.8688,0.9148,22.98,True,28.92,1,344.0,"LUNAISTABBY scores 22.98 with recent tournament form 31.2, bancho score 25.7, consistency score 25.0; reliability 0.869, activity 0.915, provisional",{}
vonneti,,,20.59,,32.8,25.0,0.8688,0.9187,22.87,True,28.66,1,302.0,"vonneti scores 22.87 with recent tournament form 32.8, consistency score 25.0, bancho score 20.6; reliability 0.869, activity 0.919, provisional",{}
Chibi Maruko,,,28.56,,28.39,25.0,0.8688,0.9409,22.82,True,27.92,1,161.0,"Chibi Maruko scores 22.82 with bancho score 28.6, recent tournament form 28.4, consistency score 25.0; reliability 0.869, activity 0.941, provisional",{}
Alice Carroll,,,40.88,,23.41,25.0,0.8688,0.9409,22.79,True,27.89,1,161.0,"Alice Carroll scores 22.79 with bancho score 40.9, consistency score 25.0, recent tournament form 23.4; reliability 0.869, activity 0.941, provisional",{}
fireblaze3028,,,45.01,,22.14,25.0,0.8688,0.9181,22.43,True,28.12,1,308.0,"fireblaze3028 scores 22.43 with bancho score 45.0, consistency score 25.0, recent tournament form 22.1; reliability 0.869, activity 0.918, provisional",{}
Oguri Cap,,,36.29,,23.35,25.0,0.8688,0.96,22.3,True,26.74,1,92.0,"Oguri Cap scores 22.30 with bancho score 36.3, consistency score 25.0, recent tournament form 23.4; reliability 0.869, activity 0.960, provisional",{}
Leftie,,,21.44,,30.13,25.0,0.8688,0.9393,22.23,True,27.25,1,168.0,"Leftie scores 22.23 with recent tournament form 30.1, consistency score 25.0, bancho score 21.4; reliability 0.869, activity 0.939, provisional",{}
robotonic,,,39.84,,22.6,25.0,0.8688,0.9423,22.22,True,27.14,1,155.0,"robotonic scores 22.22 with bancho score 39.8, consistency score 25.0, recent tournament form 22.6; reliability 0.869, activity 0.942, provisional",{}
pawb,,,42.64,,21.26,25.0,0.8688,0.9425,22.12,True,27.01,1,154.0,"pawb scores 22.12 with bancho score 42.6, consistency score 25.0, recent tournament form 21.3; reliability 0.869, activity 0.943, provisional",{}
KOCT9H,,,35.05,,24.81,25.0,0.8688,0.9187,21.81,True,27.32,1,302.0,"KOCT9H scores 21.81 with bancho score 35.0, consistency score 25.0, recent tournament form 24.8; reliability 0.869, activity 0.919, provisional",{}
FAW,,,25.02,,27.69,25.0,0.8688,0.9423,21.81,True,26.64,1,155.0,"FAW scores 21.81 with recent tournament form 27.7, bancho score 25.0, consistency score 25.0; reliability 0.869, activity 0.942, provisional",{}
Tsukime,,,32.66,,24.25,25.0,0.8688,0.9393,21.55,True,26.4,1,168.0,"Tsukime scores 21.55 with bancho score 32.7, consistency score 25.0, recent tournament form 24.2; reliability 0.869, activity 0.939, provisional",{}
Chiyuu,,,35.0,,22.89,25.0,0.8688,0.9409,21.37,True,26.15,1,161.0,"Chiyuu scores 21.37 with bancho score 35.0, consistency score 25.0, recent tournament form 22.9; reliability 0.869, activity 0.941, provisional",{}
ILBOSSDELPOPPIN,,,27.63,,25.79,25.0,0.8688,0.9195,20.86,True,26.12,1,294.0,"ILBOSSDELPOPPIN scores 20.86 with bancho score 27.6, recent tournament form 25.8, consistency score 25.0; reliability 0.869, activity 0.919, provisional",{}
Kenzol,,,19.25,,28.22,25.0,0.8688,0.9391,20.85,True,25.56,1,169.0,"Kenzol scores 20.85 with recent tournament form 28.2, consistency score 25.0, bancho score 19.2; reliability 0.869, activity 0.939, provisional",{}
[MG]-iky-,,,37.0,,20.94,25.0,0.8688,0.9409,20.8,True,25.45,1,161.0,"[MG]-iky- scores 20.80 with bancho score 37.0, consistency score 25.0, recent tournament form 20.9; reliability 0.869, activity 0.941, provisional",{}
Daldor,,,31.77,,20.93,25.0,0.8688,0.9393,19.73,True,24.17,1,168.0,"Daldor scores 19.73 with bancho score 31.8, consistency score 25.0, recent tournament form 20.9; reliability 0.869, activity 0.939, provisional",{}
Cittas,,,30.16,,21.56,25.0,0.8688,0.9378,19.69,True,24.17,1,175.0,"Cittas scores 19.69 with bancho score 30.2, consistency score 25.0, recent tournament form 21.6; reliability 0.869, activity 0.938, provisional",{}
Antaanar,,,38.62,,18.51,25.0,0.8688,0.9187,19.45,True,24.37,1,302.0,"Antaanar scores 19.45 with bancho score 38.6, consistency score 25.0, recent tournament form 18.5; reliability 0.869, activity 0.919, provisional",{}
KittyLikeme,,,22.65,,23.81,25.0,0.8688,0.9393,19.35,True,23.71,1,168.0,"KittyLikeme scores 19.35 with consistency score 25.0, recent tournament form 23.8, bancho score 22.6; reliability 0.869, activity 0.939, provisional",{}
rlsc1109,,,34.06,,19.06,25.0,0.8688,0.9393,19.26,True,23.6,1,168.0,"rlsc1109 scores 19.26 with bancho score 34.1, consistency score 25.0, recent tournament form 19.1; reliability 0.869, activity 0.939, provisional",{}
unmei,,,31.57,,18.97,25.0,0.8688,0.9393,18.72,True,22.94,1,168.0,"unmei scores 18.72 with bancho score 31.6, consistency score 25.0, recent tournament form 19.0; reliability 0.869, activity 0.939, provisional",{}
fruit cup,,,37.48,,16.25,25.0,0.8688,0.9409,18.58,True,22.72,1,161.0,"fruit cup scores 18.58 with bancho score 37.5, consistency score 25.0, recent tournament form 16.2; reliability 0.869, activity 0.941, provisional",{}
hedayo,,,35.85,,17.89,25.0,0.8688,0.9148,18.54,True,23.32,1,344.0,"hedayo scores 18.54 with bancho score 35.9, consistency score 25.0, recent tournament form 17.9; reliability 0.869, activity 0.915, provisional",{}
mailman,,,37.26,,17.19,25.0,0.8688,0.9181,18.54,True,23.24,1,308.0,"mailman scores 18.54 with bancho score 37.3, consistency score 25.0, recent tournament form 17.2; reliability 0.869, activity 0.918, provisional",{}
hubbawubba,,,33.34,,17.97,25.0,0.8688,0.9187,18.17,True,22.76,1,302.0,"hubbawubba scores 18.17 with bancho score 33.3, consistency score 25.0, recent tournament form 18.0; reliability 0.869, activity 0.919, provisional",{}
ded24lol,,,27.48,,20.05,25.0,0.8688,0.9187,18.04,True,22.6,1,302.0,"ded24lol scores 18.04 with bancho score 27.5, consistency score 25.0, recent tournament form 20.1; reliability 0.869, activity 0.919, provisional",{}
Nordkild,,,28.88,,18.62,25.0,0.8688,0.9389,18.01,True,22.07,1,170.0,"Nordkild scores 18.01 with bancho score 28.9, consistency score 25.0, recent tournament form 18.6; reliability 0.869, activity 0.939, provisional",{}
MyAngelRasseru,,,,,21.2,25.0,0.8688,0.9409,17.95,True,21.96,1,161.0,"MyAngelRasseru scores 17.95 with consistency score 25.0, recent tournament form 21.2; reliability 0.869, activity 0.941, provisional",{}
Caruma,,,24.93,,18.22,25.0,0.8688,0.958,17.37,True,20.87,1,98.0,"Caruma scores 17.37 with consistency score 25.0, bancho score 24.9, recent tournament form 18.2; reliability 0.869, activity 0.958, provisional",{}
electrostrike,,,19.76,,20.96,25.0,0.8688,0.9389,17.36,True,21.28,1,170.0,"electrostrike scores 17.36 with consistency score 25.0, recent tournament form 21.0, bancho score 19.8; reliability 0.869, activity 0.939, provisional",{}
meramin,,,36.08,,14.35,25.0,0.8688,0.9393,17.33,True,21.23,1,168.0,"meramin scores 17.33 with bancho score 36.1, consistency score 25.0, recent tournament form 14.3; reliability 0.869, activity 0.939, provisional",{}
FcEazy,,,21.11,,7.62,65.01,0.8875,0.9478,16.47,True,19.59,2,133.0,"FcEazy scores 16.47 with consistency score 65.0, bancho score 21.1, recent tournament form 7.6; reliability 0.887, activity 0.948, provisional",{}
Fo_Ka,,,29.59,,14.27,25.0,0.8688,0.9409,16.03,True,19.61,1,161.0,"Fo_Ka scores 16.03 with bancho score 29.6, consistency score 25.0, recent tournament form 14.3; reliability 0.869, activity 0.941, provisional",{}
nuthing,,,24.18,,16.23,25.0,0.8688,0.9393,15.9,True,19.49,1,168.0,"nuthing scores 15.90 with consistency score 25.0, bancho score 24.2, recent tournament form 16.2; reliability 0.869, activity 0.939, provisional",{}
TzArtifactz,,,23.08,,16.18,25.0,0.8688,0.9409,15.69,True,19.19,1,161.0,"TzArtifactz scores 15.69 with consistency score 25.0, bancho score 23.1, recent tournament form 16.2; reliability 0.869, activity 0.941, provisional",{}
Rhetoric,,,30.27,,12.3,25.0,0.8688,0.9439,15.24,True,18.58,1,148.0,"Rhetoric scores 15.24 with bancho score 30.3, consistency score 25.0, recent tournament form 12.3; reliability 0.869, activity 0.944, provisional",{}
ExiaXD,,,19.88,,17.19,25.0,0.8688,0.9181,15.18,True,19.03,1,308.0,"ExiaXD scores 15.18 with consistency score 25.0, bancho score 19.9, recent tournament form 17.2; reliability 0.869, activity 0.918, provisional",{}
G4rdevoir,,,22.21,,15.2,25.0,0.8688,0.9409,15.03,True,18.38,1,161.0,"G4rdevoir scores 15.03 with consistency score 25.0, bancho score 22.2, recent tournament form 15.2; reliability 0.869, activity 0.941, provisional",{}
vdc,,,27.87,,12.26,25.0,0.8688,0.9194,14.36,True,17.97,1,295.0,"vdc scores 14.36 with bancho score 27.9, consistency score 25.0, recent tournament form 12.3; reliability 0.869, activity 0.919, provisional",{}
APTEM,,,19.02,,14.76,25.0,0.8688,0.9393,14.15,True,17.35,1,168.0,"APTEM scores 14.15 with consistency score 25.0, bancho score 19.0, recent tournament form 14.8; reliability 0.869, activity 0.939, provisional",{}
zebedee,,,19.54,,13.54,25.0,0.8688,0.9181,13.35,True,16.73,1,308.0,"zebedee scores 13.35 with consistency score 25.0, bancho score 19.5, recent tournament form 13.5; reliability 0.869, activity 0.918, provisional",{}
realshin,,,22.35,,11.64,25.0,0.8688,0.9389,13.26,True,16.26,1,170.0,"realshin scores 13.26 with consistency score 25.0, bancho score 22.4, recent tournament form 11.6; reliability 0.869, activity 0.939, provisional",{}
Azasapag,,,22.44,,9.97,25.0,0.8688,0.9577,12.71,True,15.27,1,99.0,"Azasapag scores 12.71 with consistency score 25.0, bancho score 22.4, recent tournament form 10.0; reliability 0.869, activity 0.958, provisional",{}
chiv,,,27.47,,6.73,25.0,0.8688,0.9478,11.96,True,14.53,1,133.0,"chiv scores 11.96 with bancho score 27.5, consistency score 25.0, recent tournament form 6.7; reliability 0.869, activity 0.948, provisional",{}
Seija Kijin,,,19.68,,9.71,25.0,0.8688,0.9194,11.54,True,14.44,1,295.0,"Seija Kijin scores 11.54 with consistency score 25.0, bancho score 19.7, recent tournament form 9.7; reliability 0.869, activity 0.919, provisional",{}
