,,,,,,,,,,,,,,,,,,,,,,,,,,,,,,,,,,,,,,,,,,,,,,,,,,,,,,,,,,,,,,,,,,,,,,,,,,,,,,,,,,,,,,,,,,,,,,,,,,,,,,,,,,,,,,,,,,,,,,,,,,,,,,,,,,,,,,,,,,,,,,,,,,,,,,,,,,,,,,,,,,,,,,,,,,,,,,,,,,,,,,,,,,,,,,,,,,,,,,,,,,,,,,,,,,,,,,,,,,,,,,,,,,,,,,,,,,,,,,,
#REF!,,,,,,,,,,,,,,,,,,,,,,,,,,,,,,,,,,,,,,,,,,,,,,,,,,,,,,,,,,,,,,,,,,,,,,,,,,,,,,,,,,,,,,,,,,,,,,,,,,,,,,,,,,,,,,,,,,,,,,,,,,,,,,,,,,,,,,,,,,,,,,,,,,,,,,,,,,,,,,,,,,,,,,,,,,,,,,,,,,,,,,,,,,,,,,,,,,,,,,,,,,,,,,,,,,,,,,,,,,,,,,,,,,,,,,,,,,,,,,,
,,,,,,,,,,,,,,,,,,,,,,,,,,,,,,,,,,,,,,,,,,,,,,,,,,,,,,,,,,,,,,,,,,,,,,,,,,,,,,,,,,,,,,,,,,,,,,,,,,,,,,,,,,,,,,,,,,,,,,,,,,,,,,,,,,,,,,,,,,,,,,,,,,,,,,,,,,,,,,,,,,,,,,,,,,,,,,,,,,,,,,,,,,,,,,,,,,,,,,,,,,,,,,,,,,,,,,,,,,,,,,,,,,,,,,,,,,,,,,,
,,OWC 2025 Round of 16 ⬥ Team Hiscores,,,,,,,,,,,,,,,,,,,,,,,,,,,,,,,,,,,,,,,,,,,,,,,,,,,,,,,,,,,,,,,,,,,,,,,,,,,,,,,,,,,,,,,,,,,,,,,,,,,,,,,,,,,,,,,,,,,,,,,,,,,,,,,,,,,,,,,,,,,,,,,,,,,,,,,,,,,,,,,,,,,,,,,,,,,,,,,,,,,,,,,,,,,,,,,,,,,,,,,,,,,,,,,,,,,,,,,,,,,,,,,,,,,,,,,,,,,,,
,,,,,,,,,,,,,,,,,,,,,,,,,,,,,,,,,,,,,,,,,,,,,,,,,,,,,,,,,,,,,,,,,,,,,,,,,,,,,,,,,,,,,,,,,,,,,,,,,,,,,,,,,,,,,,,,,,,,,,,,,,,,,,,,,,,,,,,,,,,,,,,,,,,,,,,,,,,,,,,,,,,,,,,,,,,,,,,,,,,,,,,,,,,,,,,,,,,,,,,,,,,,,,,,,,,,,,,,,,,,,,,,,,,,,,,,,,,,,,,
,,NM1,DIALOGUE+ - Daibouken o Yoroshiku,,,,,,,,,,,NM2,Hideous Divinity - The Deaden Room,,,,,,,,,,,NM3,Masayoshi Takanaka - Gascon Cocktail,,,,,,,,,,,NM4,ABSOLUTE CASTAWAY - step by step,,,,,,,,,,,NM5,gladde paling - vleermuis,,,,,,,,,,,HD1,Nekrogoblikon - Dressed as Goblins,,,,,,,,,,,HD2,Minami no Minami - KAFU-chan no Curry Udon Kyousoukyoku,,,,,,,,,,,HR1,Sunny Day Service - Kokoro ni Kumo o Motsu Shonen,,,,,,,,,,,HR2,Archspire - Involuntary Doppelganger,,,,,,,,,,,DT1,KOTOKO - Oboetete Ii yo,,,,,,,,,,,DT2,senya - Tokuiten no Kaibutsuteki Kanjou,,,,,,,,,,,DT3,"Tyler, The Creator - Ring Ring Ring",,,,,,,,,,,FM1,inabakumori - NON-USE,,,,,,,,,,,FM2,Magdalena Bay - Image,,,,,,,,,,,FM3,masarada - Liar Dancer,,,,,,,,,,,TB,Yooh - Eternity,,,,,,,,,,,,,,,,,,,,,,,,,,,,,,,,,,,,,,,,,,,,,,,,,,,,,,,,
,,,,,,,,,,,,,,,,,,,,,,,,,,,,,,,,,,,,,,,,,,,,,,,,,,,,,,,,,,,,,,,,,,,,,,,,,,,,,,,,,,,,,,,,,,,,,,,,,,,,,,,,,,,,,,,,,,,,,,,,,,,,,,,,,,,,,,,,,,,,,,,,,,,,,,,,,,,,,,,,,,,,,,,,,,,,,,,,,,,,,,,,,,,,,,,,,,,,,,,,,,,,,,,,,,,,,,,,,,,,,,,,,,,,,,,,,,,,,,,
,,#,,team,player,mods,,score,acc,team score ▼,vs,,,#,,team,player,mods,,score,acc,team score ▼,vs,,,#,,team,player,mods,,score,acc,team score ▼,vs,,,#,,team,player,mods,,score,acc,team score ▼,vs,,,#,,team,player,mods,,score,acc,team score ▼,vs,,,#,,team,player,mods,,score,acc,team score ▼,vs,,,#,,team,player,mods,,score,acc,team score ▼,vs,,,#,,team,player,mods,,score,acc,team score ▼,vs,,,#,,team,player,mods,,score,acc,team score ▼,vs,,,#,,team,player,mods,,score,acc,team score ▼,vs,,,#,,team,player,mods,,score,acc,team score ▼,vs,,,#,,team,player,mods,,score,acc,team score ▼,vs,,,#,,team,player,mods,,score,acc,team score ▼,vs,,,#,,team,player,mods,,score,acc,team score ▼,vs,,,#,,team,player,mods,,score,acc,team score ▼,vs,,,#,,team,player,mods,,score,acc,team score ▼,vs,,,#,,team,player,mods,,score,acc,team score ▼,vs,,,#,,team,player,mods,,score,acc,team score ▼,vs,,,#,,team,player,mods,,score,acc,team score ▼,vs,,,#,,team,player,mods,,score,acc,team score ▼,vs
,,,,,,,,,,,,,,,,,,,,,,,,,,,,,,,,,,,,,,,,,,,,,,,,,,,,,,,,,,,,,,,,,,,,,,,,,,,,,,,,,,,,,,,,,,,,,,,,,,,,,,,,,,,,,,,,,,,,,,,,,,,,,,,,,,,,,,,,,,,,,,,,,,,,,,,,,,,,,,,,,,,,,,,,,,,,,,,,,,,,,,,,,,,,,,,,,,,,,,,,,,,,,,,,,,,,,,,,,,,,,,,,,,,,,,,,,,,,,,,
,,#1,,United Kingdom,Plasma,,S,"985,348",99.27%,"3,272,079",NZ,,,#1,,Poland,Rafis,,S,"993,208",99.47%,"3,719,338",PH,,,#1,,South Korea,Amamya Kokoro,,S,"960,964",98.55%,"3,547,112",CL,,,#1,,France,Musty,,S,"920,253",97.76%,"3,088,251",US,,,#1,,Poland,MALISZEWSKI,,A,"666,092",95.91%,"2,302,593",PH,,,#1,,China,lolol235,,A,"930,691",97.62%,"2,954,990",RU,,,#1,,Poland,MALISZEWSKI,, S ,"1,058,452",99.91%,"3,528,415",PH,,,#1,,United States,WindowLife,,S,"1,054,872",98.85%,"3,364,436",FR,,,#1,,United States,decaten,,S,"1,088,805",99.71%,"3,089,198",FR,,,#1,,Australia,cloppit,,S,"1,193,360",99.75%,"4,743,355",RO,,,#1,,Germany,okinamo,,S,"1,175,613",99.31%,"4,308,049",BR,,,#1,,Poland,MALISZEWSKI,,S,"1,151,093",98.91%,"4,131,802",PH,,,#1,,Australia,mrekk,NM,S,"983,086",99.60%,"2,933,587",RO,,,#1,,United Kingdom,Plasma,HD, S ,"986,726",97.60%,"3,233,379",NZ,,,#1,,Germany,criller,NM,A,"962,173",99.11%,"3,252,173",BR,,,#1,,Japan,Furamun,NM,A,"448,823",96.39%,"1,479,093",TH,,,,,,,,,,,,,,,,,,,,,,,,,,,,,,,,,,,,,,,,,,,,,,,,
,,,,,Bubbleman,,S,"980,703",99.33%,,,,,,,,milosz,,S,"991,118",99.43%,,,,,,,,LATAJACYTUNCZYK,,S,"931,782",97.65%,,,,,,,,fiaee,,S,"835,403",97.80%,,,,,,,,evil grape,,B,"580,285",91.43%,,,,,,,,Ledeau_Fox,, S ,"850,625",93.60%,,,,,,,,hav,, S ,"1,055,661",99.83%,,,,,,,,rektygon,,A,"871,810",98.74%,,,,,,,,rektygon,,A,"1,045,480",98.71%,,,,,,,,aknzx,,S,"1,192,635",99.75%,,,,,,,,yary,,S,"1,154,705",98.88%,,,,,,,,milosz,,S,"1,130,325",98.31%,,,,,,,,palr,HD,A,"752,231",98.97%,,,,,,,,Bubbleman,NM,S,"981,622",99.43%,,,,,,,,okinamo,HD, S ,"924,193",98.67%,,,,,,,,shouponpon,NM,A,"353,109",97.00%,,,,,,,,,,,,,,,,,,,,,,,,,,,,,,,,,,,,,,,,,,,,,,,,,,
,,,,,fudge,,A,"737,467",99.45%,,,,,,,,evil grape,,S,"919,060",97.37%,,,,,,,,Suyong_,,S,"876,473",96.64%,,,,,,,,calangi,,A,"794,529",97.45%,,,,,,,,milosz,,A,"540,497",94.34%,,,,,,,,Crystal,,A,"604,155",97.79%,,,,,,,,milosz,,A,"763,794",99.24%,,,,,,,,decaten,,A,"729,834",99.36%,,,,,,,,Pezz,,A,"485,739",98.35%,,,,,,,,ASecretBox,,S,"1,192,478",99.75%,,,,,,,,Denzel Curry,,S,"1,152,599",98.77%,,,,,,,,Kosiarek,,S,"1,067,430",96.72%,,,,,,,,Xaver,NM,A,"601,133",98.18%,,,,,,,,fudge,HR,A,"658,814",99.25%,,,,,,,,ZeitFrost,HR,A,"695,491",97.70%,,,,,,,,haga1115,HD,A,"338,807",96.11%,,,,,,,,,,,,,,,,,,,,,,,,,,,,,,,,,,,,,,,,,,,,,,,,,,
,,,,,Mahmood,,A,"568,561",98.99%,,,,,,,,gnahus,,A,"815,952",98.44%,,,,,,,,Nopekjk,,S,"777,893",96.13%,,,,,,,,Hifkil,,A,"538,066",96.28%,,,,,,,,Kosiarek,,A,"515,719",92.90%,,,,,,,,lolol233,,A,"569,519",96.92%,,,,,,,,evil grape,,A,"650,508",98.87%,,,,,,,,Pezz,,S,"707,920",99.08%,,,,,,,,WindowLife,,A,"469,174",98.12%,,,,,,,,mrekk,,S,"1,164,882",99.12%,,,,,,,,Fleh,,A,"825,132",98.30%,,,,,,,,gnahus,,S,"782,954",97.89%,,,,,,,,ASecretBox,HR,A,"597,137",99.37%,,,,,,,,lystia,NM,A,"606,217",97.10%,,,,,,,,yary,NM,A,"670,316",98.96%,,,,,,,,RafuNa,NM,A,"338,354",96.60%,,,,,,,,,,,,,,,,,,,,,,,,,,,,,,,,,,,,,,,,,,,,,,,,,,
,,#2,,Philippines,Icarussy,,S,"986,672",99.38%,"3,149,158",PL,,,#2,,Australia,ASecretBox,,S,"1,010,303",99.82%,"3,481,963",RO,,,#2,,United Kingdom,fudge,,S,"856,631",98.47%,"2,641,624",NZ,,,#2,,South Korea,LATAJACYTUNCZYK,,S,"938,167",98.13%,"3,012,602",CL,,,#2,,Australia,ASecretBox,,A,"694,749",91.97%,"2,229,729",RO,,,#2,,Russian Federation,Lexu2S,, S ,"962,993",97.44%,"2,846,008",CN,,,#2,,Philippines,ZaNy_,, S ,"1,026,556",99.05%,"3,417,647",PL,,,#2,,Taiwan,willy0214,,S,"1,047,190",98.73%,"2,701,345",NL,,,#2,,Japan,RafuNa,,S,"1,051,402",98.77%,"2,651,832",TH,,,#2,,Russian Federation,Welter,,S,"1,200,649",99.92%,"4,392,342",CN,,,#2,,China,lolol233,,S,"1,154,274",98.82%,"4,126,223",RU,,,#2,,Russian Federation,Welter,,S,"1,142,795",98.61%,"3,402,372",CN,,,#2,,Indonesia,MineFrostID,HR,S,"1,042,630",98.56%,"2,794,387",KZ,,,#2,,Australia,mrekk,NM,S,"947,807",98.26%,"3,041,236",RO,,,#2,,New Zealand,5aiyku,NM,S,"962,502",99.04%,"3,224,220",GB,,,#2,,Thailand,-Kedama,HD,A,"383,631",96.11%,"1,257,868",JP,,,,,,,,,,,,,,,,,,,,,,,,,,,,,,,,,,,,,,,,,,,,,,,,
,,,,,LordGabriel,,A,"886,341",99.30%,,,,,,,,mrekk,,S,"977,211",98.82%,,,,,,,,Bubbleman,,A,"811,937",97.35%,,,,,,,,Nopekjk,,S,"913,657",97.45%,,,,,,,,mrekk,,S,"649,796",96.38%,,,,,,,,desuqe,, S ,"826,923",98.64%,,,,,,,,NathanRam1918,, S ,"1,016,808",98.87%,,,,,,,,Spinesnight,,A,"734,040",97.15%,,,,,,,,Homutan,,A,"635,097",97.44%,,,,,,,,maxim,,S,"1,196,221",99.83%,,,,,,,,lolol235,,S,"1,112,419",97.69%,,,,,,,,gamer228666,,S,"1,040,168",96.08%,,,,,,,,Hakui Koyori,NM,S,"903,449",99.11%,,,,,,,,palr,HD, S ,"923,792",95.81%,,,,,,,,Saiyku,HR,S,"893,927",96.83%,,,,,,,,Arz3,NM,A,"312,350",96.10%,,,,,,,,,,,,,,,,,,,,,,,,,,,,,,,,,,,,,,,,,,,,,,,,,,
,,,,,Rammu,,A,"692,831",99.43%,,,,,,,,cloppit,,A,"871,600",98.49%,,,,,,,,Plasma,,A,"567,110",96.62%,,,,,,,,Amamya Kokoro,,A,"589,766",98.94%,,,,,,,,palr,,S,"552,924",93.51%,,,,,,,,Welter,,A,"672,970",98.66%,,,,,,,,Icarussy,,A,"763,656",96.81%,,,,,,,,Ruyaya,,A,"531,858",97.33%,,,,,,,,shouponpon,,A,"530,176",97.11%,,,,,,,,Lexu2S,,S,"1,182,147",99.42%,,,,,,,,Ledeau_Fox,,S,"1,057,765",96.35%,,,,,,,,desuqe,,A,"681,360",95.40%,,,,,,,,GNX,HD,A,"440,930",95.06%,,,,,,,,Xaver,NM,A,"588,672",98.46%,,,,,,,,Kyujin,HD,A,"859,507",98.50%,,,,,,,,chests,NM,A,"290,760",93.47%,,,,,,,,,,,,,,,,,,,,,,,,,,,,,,,,,,,,,,,,,,,,,,,,,,
,,,,,NathanRam1918,,A,"583,314",99.55%,,,,,,,,aknzx,,A,"622,849",98.92%,,,,,,,,Mahmood,,A,"405,946",95.80%,,,,,,,,Allegrissimo,,S,"571,012",97.20%,,,,,,,,aknzx,,A,"332,260",93.84%,,,,,,,,maxim,,A,"383,122",92.90%,,,,,,,,Rammu,,A,"610,627",98.03%,,,,,,,,Ethan2222,,A,"388,257",96.89%,,,,,,,,hosesan1020,,A,"435,157",95.58%,,,,,,,,gamer228666,,A,"813,325",98.16%,,,,,,,,z980838928,,A,"801,765",97.41%,,,,,,,,Lexu2S,,S,"538,049",97.04%,,,,,,,,Thatnoobguy,HR,A,"407,378",96.97%,,,,,,,,ASecretBox,HR,A,"580,965",98.85%,,,,,,,,ozbert,HDHR,A,"508,284",95.83%,,,,,,,,Lesperry,NM,A,"271,127",93.51%,,,,,,,,,,,,,,,,,,,,,,,,,,,,,,,,,,,,,,,,,,,,,,,,,,
,,#3,,Sweden,scylla,,S,"1,000,949",99.74%,"3,141,603",MY,,,#3,,New Zealand,Kyujin,,S,"979,508",98.86%,"3,479,831",GB,,,#3,,New Zealand,ozbert,,S,"841,028",94.88%,"2,570,761",GB,,,#3,,China,lolol233,,S,"957,510",98.77%,"2,988,264",RU,,,#3,,China,lolol233,,S,"608,645",93.98%,"2,012,692",RU,,,#3,,Japan,Furamun,,A,"923,469",97.26%,"2,745,836",TH,,,#3,,United States,EthantrixV3,, S ,"1,041,073",99.48%,"3,337,995",FR,,,#3,,South Korea,MYKEYBOARD,,A,"761,813",98.14%,"2,619,943",CL,,,#3,,Thailand,chests,,A,"814,743",96.62%,"2,123,215",JP,,,#3,,United Kingdom,fudge,,S,"1,192,216",99.75%,"4,343,676",NZ,,,#3,,Finland,vaadin peukkua,,S,"1,162,267",99.00%,"3,858,794",PE,,,#3,,Brazil,Coreanmaluco,,S,"1,104,311",97.71%,"3,184,539",DE,,,#3,,Romania,badeu,NM,A,"911,628",97.67%,"2,532,872",AU,,,#3,,Romania,badeu,NM,A,"885,714",98.30%,"2,929,284",AU,,,#3,,Canada,xootynator,HDHR, S ,"953,664",97.20%,"3,180,875",NO,,,,,,,,,,,,,,,,,,,,,,,,,,,,,,,,,,,,,,,,,,,,,,,,,,,,,,,,,,,,
,,,,,Andros,,A,"895,458",99.08%,,,,,,,,Saiyku,,S,"929,493",97.54%,,,,,,,,Kyujin,,A,"813,842",97.28%,,,,,,,,Crystal,,A,"779,895",97.69%,,,,,,,,Crystal,,S,"571,700",95.81%,,,,,,,,YMD,,A,"718,909",97.90%,,,,,,,,rektygon,, S ,"1,039,637",99.48%,,,,,,,,LATAJACYTUNCZYK,,A,"729,987",97.71%,,,,,,,,Arz3,,A,"522,111",97.78%,,,,,,,,Bubbleman,,S,"1,175,592",99.33%,,,,,,,,Mike Tyson,,S,"1,042,461",95.95%,,,,,,,,tayko,,S,"991,599",94.61%,,,,,,,,etn,HR,A,"717,186",99.50%,,,,,,,,Kehest,NM,S,"844,763",96.40%,,,,,,,,Wanderio,NM,S,"945,949",98.62%,,,,,,,,,,,,,,,,,,,,,,,,,,,,,,,,,,,,,,,,,,,,,,,,,,,,,,,,,,,,,,
,,,,,melwem,,A,"674,763",99.81%,,,,,,,,5aiyku,,S,"910,870",96.97%,,,,,,,,5aiyku,,A,"528,663",97.79%,,,,,,,,lolol235,,A,"703,878",97.47%,,,,,,,,lolol235,,B,"421,334",93.12%,,,,,,,,haga1115,,A,"672,045",98.65%,,,,,,,,[C],,A,"787,635",99.05%,,,,,,,,Amamya Kokoro,,A,"673,382",98.64%,,,,,,,,-Kedama,,A,"428,037",96.17%,,,,,,,,Mahmood,,S,"1,126,022",98.08%,,,,,,,,Xepei,,A,"1,009,169",96.23%,,,,,,,,Kurumiw,,A,"634,184",94.68%,,,,,,,,Kehest,HR,A,"477,074",97.87%,,,,,,,,etn,HR,A,"672,432",99.10%,,,,,,,,yip,NM,A,"782,642",99.13%,,,,,,,,,,,,,,,,,,,,,,,,,,,,,,,,,,,,,,,,,,,,,,,,,,,,,,,,,,,,,,
,,,,,Guyra_,,S,"570,433",98.94%,,,,,,,,ozbert,,S,"659,960",96.39%,,,,,,,,Saiyku,,A,"387,228",96.75%,,,,,,,,lolol234,,A,"546,981",95.31%,,,,,,,,lolol234,,B,"411,013",91.76%,,,,,,,,shouponpon,,A,"431,413",96.74%,,,,,,,,tekkito,,A,"469,650",98.70%,,,,,,,,[Karcher],,A,"454,761",98.48%,,,,,,,,Lesperry,,A,"358,324",95.07%,,,,,,,,MALTESER,,A,"849,846",99.62%,,,,,,,,Amasetic,,A,"644,897",98.71%,,,,,,,,-izzy,,A,"454,445",95.60%,,,,,,,,origin_,HD,A,"426,984",97.80%,,,,,,,,origin_,HD,A,"526,375",99.00%,,,,,,,,steamhappy,HD,A,"498,620",98.06%,,,,,,,,,,,,,,,,,,,,,,,,,,,,,,,,,,,,,,,,,,,,,,,,,,,,,,,,,,,,,,
,,#4,,Germany,criller,,S,"929,728",99.78%,"3,119,391",BR,,,#4,,Finland,Amasetic,,S,"984,792",99.17%,"3,141,701",PE,,,#4,,Thailand,Arz3,,S,"908,297",96.84%,"2,555,424",JP,,,#4,,Türkiye,Raikouhou,,S,"902,642",96.99%,"2,950,292",IT,,,#4,,Canada,xootynator,,A,"712,713",91.22%,"1,997,616",NO,,,#4,,Thailand,-Kedama,,A,"822,791",98.27%,"2,698,244",JP,,,#4,,Canada,xootynator,,A,"1,006,914",99.52%,"3,270,985",NO,,,#4,,Chile,alfiu,,S,"688,622",99.02%,"2,408,688",KR,,,#4,,France,Hifkil,,A,"667,114",98.34%,"2,061,359",US,,,#4,,United States,rektygon,,S,"1,191,771",99.75%,"4,249,367",FR,,,#4,,New Zealand,Kyujin,,S,"1,168,760",99.13%,"3,819,522",GB,,,#4,,China,Crystal,,A,"813,878",96.57%,"3,007,571",RU,,,#4,,Malaysia,Chibi Maruko,NM,A,"806,263",97.67%,"2,435,132",SE,,,#4,,United States,decaten,HR,A,"860,642",98.73%,"2,900,553",FR,,,#4,,South Korea,Amamya Kokoro,HR,S,"1,053,420",98.87%,"2,964,910",CL,,,,,,,,,,,,,,,,,,,,,,,,,,,,,,,,,,,,,,,,,,,,,,,,,,,,,,,,,,,,
,,,,,Tim Kackner,,S,"858,669",99.94%,,,,,,,,Xepei,,S,"946,388",98.10%,,,,,,,,Lesperry,,A,"776,377",95.56%,,,,,,,,Shinkiro,,S,"887,642",96.84%,,,,,,,,yip,,S,"496,058",94.05%,,,,,,,,miinr,,A,"739,688",95.16%,,,,,,,,steamhappy,,A,"861,580",99.31%,,,,,,,,Intercambing,,A,"649,114",97.32%,,,,,,,,Satsukiiii,,A,"527,427",97.92%,,,,,,,,Pezz,,S,"1,187,518",99.67%,,,,,,,,ozbert,,S,"1,106,428",97.79%,,,,,,,,lolol233,,A,"811,715",98.46%,,,,,,,,Harumi Ena,NM,A,"570,649",98.07%,,,,,,,,rektygon,HR,A,"834,206",98.69%,,,,,,,,LATAJACYTUNCZYK,HD,A,"814,092",98.71%,,,,,,,,,,,,,,,,,,,,,,,,,,,,,,,,,,,,,,,,,,,,,,,,,,,,,,,,,,,,,,
,,,,,yary,,A,"759,726",99.66%,,,,,,,,Isak-,,A,"614,192",98.27%,,,,,,,,-Kedama,,A,"499,955",94.94%,,,,,,,,spray-,,A,"676,005",95.91%,,,,,,,,steamhappy,,A,"417,592",93.98%,,,,,,,,chests,,B,"595,551",92.45%,,,,,,,,Zylice,,A,"838,266",99.18%,,,,,,,,Hanayume,,A,"571,572",98.77%,,,,,,,,Musty,,A,"493,860",97.80%,,,,,,,,WindowLife,,A,"1,012,854",99.16%,,,,,,,,HaSappy,,A,"817,023",98.41%,,,,,,,,lolol235,,S,"752,854",97.39%,,,,,,,,Rampax,HR,A,"542,118",97.84%,,,,,,,,Pezz,HR,A,"606,140",99.19%,,,,,,,,Allegrissimo,NM,A,"652,341",98.52%,,,,,,,,,,,,,,,,,,,,,,,,,,,,,,,,,,,,,,,,,,,,,,,,,,,,,,,,,,,,,,
,,,,,Fleh,,S,"571,268",99.20%,,,,,,,,vaadin peukkua,,A,"596,329",95.60%,,,,,,,,chests,,A,"370,795",93.48%,,,,,,,,Ievi-,,A,"484,003",95.04%,,,,,,,,Wanderio,,A,"371,253",95.05%,,,,,,,,Lesperry,,B,"540,214",92.66%,,,,,,,,Wanderio,,A,"564,225",98.94%,,,,,,,,xXChokgamerXx,,A,"499,380",97.15%,,,,,,,,calangi,,A,"372,958",96.07%,,,,,,,,tekkito,,S,"857,224",99.48%,,,,,,,,Saiyku,,A,"727,311",97.22%,,,,,,,,lolol234,,A,"629,124",95.18%,,,,,,,,mabayu,HD,A,"516,102",97.74%,,,,,,,,EthantrixV3,HD,A,"599,565",96.96%,,,,,,,,Nopekjk,NM,A,"445,057",97.91%,,,,,,,,,,,,,,,,,,,,,,,,,,,,,,,,,,,,,,,,,,,,,,,,,,,,,,,,,,,,,,
,,#5,,Singapore,Mekeyo,,S,"998,598",99.69%,"2,855,391",AT,,,#5,,Austria,z10a,,S,"887,804",96.14%,"3,020,732",SG,,,#5,,Chile,Intercambing,,S,"898,365",96.78%,"2,422,704",KR,,,#5,,Chile,alfiu,,S,"929,071",97.92%,"2,736,649",KR,,,#5,,France,calangi,,A,"725,246",91.00%,"1,921,838",US,,,,,,,,,,,,,,,#5,,Kazakhstan,Kamensh1k,, S ,"1,016,910",98.87%,"3,200,972",ID,,,#5,,France,Musty,,A,"752,505",98.30%,"2,294,685",US,,,#5,,Indonesia,Thatnoobguy,,A,"555,059",97.55%,"1,996,486",KZ,,,#5,,France,JapWhite,,SS,"1,205,280",100.00%,"3,961,387",US,,,#5,,Indonesia,Stixe,,S,"1,175,424",99.44%,"3,782,345",KZ,,,#5,,Italy,Toukai Teiou,,S,"1,074,814",96.92%,"2,947,412",TR,,,#5,,Austria,tomadoi,HD,A,"620,899",98.71%,"2,324,941",SG,,,#5,,Türkiye,Raikouhou,HR,S,"924,855",99.27%,"2,734,816",IT,,,#5,,Taiwan,GAO HAO,NM,S,"946,581",98.53%,"2,903,894",NL,,,,,,,,,,,,,,,,,,,,,,,,,,,,,,,,,,,,,,,,,,,,,,,,,,,,,,,,,,,,
,,,,,Cymango,,A,"750,029",98.21%,,,,,,,,Akuma no Tenshi,,A,"807,999",96.89%,,,,,,,,siiphs,,A,"615,509",95.15%,,,,,,,,Lasseh,,A,"708,603",93.44%,,,,,,,,Musty,,B,"561,456",92.11%,,,,,,,,,,,,,,,,,,,,Ternafis,,A,"1,002,396",98.83%,,,,,,,,Hifkil,,A,"613,671",97.89%,,,,,,,,Stixe,,A,"490,365",96.83%,,,,,,,,Hifkil,,S,"1,174,907",99.33%,,,,,,,,MineFrostID,,S,"1,149,574",98.75%,,,,,,,,Duke,,A,"640,231",95.01%,,,,,,,,z10a,HR,A,"576,549",98.68%,,,,,,,,Shinkiro,NM,S,"877,504",99.41%,,,,,,,,Ruyaya,HD, S ,"873,258",98.56%,,,,,,,,,,,,,,,,,,,,,,,,,,,,,,,,,,,,,,,,,,,,,,,,,,,,,,,,,,,,,,
,,,,,Dawnwing,,A,"650,661",99.38%,,,,,,,,z9a,,A,"785,514",98.49%,,,,,,,,alfiu,,A,"465,371",97.17%,,,,,,,,Intercambing,,A,"648,356",98.03%,,,,,,,,fiaee,,A,"332,671",93.98%,,,,,,,,,,,,,,,,,,,,shiyumi,,A,"770,412",98.07%,,,,,,,,FlasTEH,,A,"496,922",95.53%,,,,,,,,MineFrostID,,A,"478,299",97.07%,,,,,,,,Geordie Greep,,A,"850,025",98.62%,,,,,,,,lifeline,,S,"981,133",93.83%,,,,,,,,-NyX,,S,"619,216",96.05%,,,,,,,,z9a,HR,A,"569,428",98.05%,,,,,,,,Orkay,NM,S,"491,876",99.37%,,,,,,,,Ethan2222,NM,S,"645,385",98.74%,,,,,,,,,,,,,,,,,,,,,,,,,,,,,,,,,,,,,,,,,,,,,,,,,,,,,,,,,,,,,,
,,,,,Tebi,,A,"456,103",98.87%,,,,,,,,fedoragoose,,A,"539,415",93.00%,,,,,,,,xXChokgamerXx,,A,"443,459",96.68%,,,,,,,,siiphs,,A,"450,619",94.75%,,,,,,,,Satsukiiii,,A,"302,465",93.41%,,,,,,,,,,,,,,,,,,,,3uma,,A,"411,254",96.12%,,,,,,,,calangi,,A,"431,587",96.33%,,,,,,,,lifeline,,A,"472,763",94.05%,,,,,,,,FlasTEH,,A,"731,175",98.16%,,,,,,,,Hakui Koyori,,A,"476,214",93.95%,,,,,,,,kusuriya,,S,"613,151",95.93%,,,,,,,,fedoragoose,NM,A,"558,065",99.03%,,,,,,,,spray-,HD,A,"440,581",96.89%,,,,,,,,willy0214,HR,A,"438,670",97.38%,,,,,,,,,,,,,,,,,,,,,,,,,,,,,,,,,,,,,,,,,,,,,,,,,,,,,,,,,,,,,,
,,#6,,Indonesia,Hakui Koyori,,A,"838,224",99.51%,"2,783,272",KZ,,,#6,,Philippines,Icarussy,,S,"926,469",97.24%,"2,998,426",PL,,,#6,,Türkiye,Shinkiro,,A,"574,778",95.75%,"2,053,011",IT,,,#6,,Russian Federation,BJIADOC,,A,"848,469",97.88%,"2,693,619",CN,,,#6,,United States,rektygon,,A,"706,047",93.84%,"1,882,142",FR,,,,,,,,,,,,,,,#6,,Spain,A L E P H,, S ,"1,009,217",98.57%,"3,106,715",AR,,,#6,,Netherlands,Wind Tales,,A,"610,294",96.29%,"2,022,186",TW,,,#6,,Kazakhstan,Kamensh1k,,A,"540,403",98.01%,"1,825,131",ID,,,#6,,Romania,etn,,S,"1,153,632",98.91%,"3,907,223",AU,,,#6,,Spain,ESCRUPULILLO,,S,"1,119,237",97.94%,"3,661,896",AR,,,#6,,Austria,Akuma no Tenshi,,S,"1,121,501",98.11%,"2,918,074",SG,,,#6,,Sweden,Guyra_,NM,A,"608,896",98.37%,"2,149,786",MY,,,#6,,Sweden,scylla,HD,A,"826,776",98.71%,"2,643,087",MY,,,#6,,Peru,[MG]Arnold24x24,HD, S ,"1,001,869",98.56%,"2,851,963",FI,,,,,,,,,,,,,,,,,,,,,,,,,,,,,,,,,,,,,,,,,,,,,,,,,,,,,,,,,,,,
,,,,,Thatnoobguy,,S,"834,553",99.31%,,,,,,,,zonelouise,,A,"806,172",97.96%,,,,,,,,Raikouhou,,A,"573,988",97.91%,,,,,,,,Welter,,A,"692,792",98.42%,,,,,,,,Pezz,,B,"462,455",92.44%,,,,,,,,,,,,,,,,,,,,marbl,,A,"800,576",98.07%,,,,,,,,John Zenith,,A,"584,428",97.64%,,,,,,,,Ternafis,,A,"486,599",97.32%,,,,,,,,Kehest,,S,"1,133,480",98.98%,,,,,,,,A L E P H,,A,"955,500",96.57%,,,,,,,,z9a,,S,"653,830",93.62%,,,,,,,,Fejlan,NM,A,"604,113",98.98%,,,,,,,,Lightningfox,NM,A,"747,120",97.31%,,,,,,,,MiguisXD,NM,S,"749,073",98.09%,,,,,,,,,,,,,,,,,,,,,,,,,,,,,,,,,,,,,,,,,,,,,,,,,,,,,,,,,,,,,,
,,,,,lifeline,,A,"618,846",98.92%,,,,,,,,Jitterish,,S,"741,445",97.09%,,,,,,,,spray-,,A,"504,642",96.87%,,,,,,,,gamer228666,,A,"584,582",95.41%,,,,,,,,tekkito,,A,"378,678",94.73%,,,,,,,,,,,,,,,,,,,,ESCRUPULILLO,,A,"799,781",98.87%,,,,,,,,perthed again,,A,"436,236",97.42%,,,,,,,,shiyumi,,A,"438,130",97.04%,,,,,,,,origin_,,A,"1,010,059",99.52%,,,,,,,,BabyScylla,,S,"865,003",96.94%,,,,,,,,fedoragoose,,B,"596,200",92.52%,,,,,,,,scylla,HD,A,"488,782",98.14%,,,,,,,,Andros,HR,A,"598,776",99.05%,,,,,,,,SapeSape,HR,A,"570,677",93.46%,,,,,,,,,,,,,,,,,,,,,,,,,,,,,,,,,,,,,,,,,,,,,,,,,,,,,,,,,,,,,,
,,,,,Stixe,,A,"491,649",98.69%,,,,,,,,Rammu,,A,"524,340",95.37%,,,,,,,,LyeRR,,A,"399,603",94.44%,,,,,,,,desuqe,,A,"567,776",97.26%,,,,,,,,EthantrixV3,,B,"334,962",89.14%,,,,,,,,,,,,,,,,,,,,Palodex,,A,"497,141",96.81%,,,,,,,,Burning John,,A,"391,228",97.47%,,,,,,,,MyAngelRasseru,,A,"359,999",96.50%,,,,,,,,robotonic,,A,"610,052",97.87%,,,,,,,,towny1,,A,"722,156",96.23%,,,,,,,,z10a,,A,"546,543",94.96%,,,,,,,,melwem,HR,A,"447,995",97.63%,,,,,,,,Fejlan,NM,A,"470,415",98.26%,,,,,,,,P r a h,NM,A,"530,344",97.58%,,,,,,,,,,,,,,,,,,,,,,,,,,,,,,,,,,,,,,,,,,,,,,,,,,,,,,,,,,,,,,
,,#7,,Austria,z10a,,A,"938,224",99.26%,"2,711,923",SG,,,#7,,United Kingdom,fudge,,S,"947,714",98.11%,"2,920,914",NZ,,,#7,,Italy,Duke,,A,"604,812",96.30%,"2,049,691",TR,,,#7,,United States,WindowLife,,A,"819,533",97.63%,"2,546,563",FR,,,#7,,Russian Federation,BJIADOC,,A,"586,578",94.62%,"1,836,424",CN,,,,,,,,,,,,,,,#7,,China,lolol235,, S ,"1,028,493",99.22%,"2,913,194",RU,,,,,,,,,,,,,,,,,,,,,,,,,,,#7,,Finland,Xepei,,S,"1,173,171",99.33%,"3,807,387",PE,,,#7,,Canada,PinkEyeFan2013,,S,"1,131,709",98.36%,"3,639,281",NO,,,#7,,Türkiye,Raikouhou,,S,"1,089,655",97.22%,"2,896,733",IT,,,#7,,Singapore,Dawnwing,NM,A,"771,419",99.03%,"2,141,267",AT,,,#7,,New Zealand,Kyujin,HD, S ,"939,551",97.48%,"2,405,482",GB,,,#7,,Russian Federation,desuqe,NM,S,"951,351",98.75%,"2,804,579",CN,,,,,,,,,,,,,,,,,,,,,,,,,,,,,,,,,,,,,,,,,,,,,,,,,,,,,,,,,,,,
,,,,,fedoragoose,,A,"716,465",99.48%,,,,,,,,skia1,,A,"764,113",90.71%,,,,,,,,Toukai Teiou,,A,"500,243",96.43%,,,,,,,,decaten,,A,"672,587",98.42%,,,,,,,,desuqe,,A,"507,488",93.69%,,,,,,,,,,,,,,,,,,,,Ledeau_Fox,,A,"715,751",96.35%,,,,,,,,,,,,,,,,,,,,,,,,,,,,,,,,vaadin peukkua,,S,"1,031,335",98.98%,,,,,,,,SparklyFairy200,,S,"1,035,873",95.68%,,,,,,,,Shinkiro,,S,"661,080",96.30%,,,,,,,,Mekeyo,HR,A,"542,715",96.64%,,,,,,,,ozbert,HDHR,A,"583,857",98.25%,,,,,,,,BJIADOC,HD,A,"754,030",98.93%,,,,,,,,,,,,,,,,,,,,,,,,,,,,,,,,,,,,,,,,,,,,,,,,,,,,,,,,,,,,,,
,,,,,z9a,,A,"614,293",98.99%,,,,,,,,MALTESER,,A,"611,108",98.32%,,,,,,,,kusuriya,,A,"478,106",97.49%,,,,,,,,tekkito,,S,"589,441",97.97%,,,,,,,,maxim,,A,"378,507",93.66%,,,,,,,,,,,,,,,,,,,,Crystal,,A,"639,693",98.37%,,,,,,,,,,,,,,,,,,,,,,,,,,,,,,,,Mike Tyson,,S,"846,356",97.85%,,,,,,,,Wanderio,,S,"774,787",95.98%,,,,,,,,Clutch,,A,"637,837",94.56%,,,,,,,,Tebi,NM,A,"436,667",98.23%,,,,,,,,Saiyku,HR,A,"511,689",98.46%,,,,,,,,gamer228666,NM,A,"640,707",98.34%,,,,,,,,,,,,,,,,,,,,,,,,,,,,,,,,,,,,,,,,,,,,,,,,,,,,,,,,,,,,,,
,,,,,fruit cup,,A,"442,941",98.82%,,,,,,,,Bubbleman,,A,"597,979",97.34%,,,,,,,,-NyX,,A,"466,530",94.11%,,,,,,,,[C],,A,"465,002",97.34%,,,,,,,,Skrowell,,B,"363,851",92.08%,,,,,,,,,,,,,,,,,,,,lolol233,,A,"529,257",97.66%,,,,,,,,,,,,,,,,,,,,,,,,,,,,,,,,Amasetic,,A,"756,525",99.04%,,,,,,,,Zylice,,A,"696,912",97.43%,,,,,,,,Ievi-,,A,"508,161",96.72%,,,,,,,,Eagle5324,HD,A,"390,466",97.93%,,,,,,,,5aiyku,HR,A,"370,385",97.64%,,,,,,,,Welter,HR,A,"458,491",97.94%,,,,,,,,,,,,,,,,,,,,,,,,,,,,,,,,,,,,,,,,,,,,,,,,,,,,,,,,,,,,,,
,,#8,,Brazil,Coreanmaluco,,A,"937,613",99.45%,"2,667,965",DE,,,#8,,Malaysia,Rampax,,S,"910,707",97.05%,"2,444,009",SE,,,#8,,Japan,Aotoleen,,A,"548,151",93.51%,"1,800,632",TH,,,#8,,Finland,savilju,,S,"791,008",96.35%,"2,169,362",PE,,,#8,,Philippines,NathanRam1918,,S,"657,110",95.70%,"1,735,844",PL,,,,,,,,,,,,,,,#8,,Russian Federation,BJIADOC,, S ,"1,036,564",99.39%,"2,859,784",CN,,,,,,,,,,,,,,,,,,,,,,,,,,,#8,,Spain,A L E P H,,S,"1,151,787",98.68%,"3,800,171",AR,,,#8,,Austria,z10a,,S,"1,144,844",98.63%,"3,610,215",SG,,,#8,,Japan,shouponpon,,S,"704,360",96.97%,"2,771,531",TH,,,#8,,Kazakhstan,Kamensh1k,HR,A,"662,668",98.68%,"2,112,841",ID,,,#8,,France,Hifkil,HR,A,"657,813",99.28%,"2,333,531",US,,,#8,,Sweden,scylla,HD, S ,"1,030,003",99.29%,"2,722,517",MY,,,,,,,,,,,,,,,,,,,,,,,,,,,,,,,,,,,,,,,,,,,,,,,,,,,,,,,,,,,,
,,,,,-izzy,,A,"627,073",99.31%,,,,,,,,Harumi Ena,,A,"813,663",95.52%,,,,,,,,haga1115,,A,"471,279",96.67%,,,,,,,,Kalanluu,,A,"590,417",96.88%,,,,,,,,Icarussy,,A,"422,393",93.66%,,,,,,,,,,,,,,,,,,,,Lexu2S,,A,"910,649",98.83%,,,,,,,,,,,,,,,,,,,,,,,,,,,,,,,,[dekori],,S,"1,118,809",97.83%,,,,,,,,Akuma no Tenshi,,S,"1,131,849",98.25%,,,,,,,,Aotoleen,,A,"700,834",94.26%,,,,,,,,Ternafis,HD,A,"602,570",98.68%,,,,,,,,FlasTEH,HD,A,"614,304",97.55%,,,,,,,,Andros,HR,A,"636,912",96.92%,,,,,,,,,,,,,,,,,,,,,,,,,,,,,,,,,,,,,,,,,,,,,,,,,,,,,,,,,,,,,,
,,,,,kagiura,,A,"605,841",98.59%,,,,,,,,n0 head,,A,"386,282",95.34%,,,,,,,,shouponpon,,A,"410,915",96.32%,,,,,,,,Mike Tyson,,A,"409,677",95.76%,,,,,,,,ZaNy_,,A,"372,410",95.48%,,,,,,,,,,,,,,,,,,,,Skrowell,,A,"459,888",98.29%,,,,,,,,,,,,,,,,,,,,,,,,,,,,,,,,ESCRUPULILLO,,A,"1,021,241",99.14%,,,,,,,,fedoragoose,,A,"719,616",95.88%,,,,,,,,Homutan,,A,"688,975",97.17%,,,,,,,,shiyumi,NM,A,"435,307",99.13%,,,,,,,,fiaee,NM,A,"596,012",97.92%,,,,,,,,Lightningfox,NM,A,"603,734",98.00%,,,,,,,,,,,,,,,,,,,,,,,,,,,,,,,,,,,,,,,,,,,,,,,,,,,,,,,,,,,,,,
,,,,,Kurumiw,,A,"497,438",98.84%,,,,,,,,mabayu,,A,"333,357",94.47%,,,,,,,,hosesan1020,,A,"370,287",94.82%,,,,,,,,AllyrD,,A,"378,260",95.89%,,,,,,,,zonelouise,,B,"283,931",89.64%,,,,,,,,,,,,,,,,,,,,gamer228666,,A,"452,683",97.48%,,,,,,,,,,,,,,,,,,,,,,,,,,,,,,,,junamat,,A,"508,334",97.43%,,,,,,,,z9a,,A,"613,906",97.93%,,,,,,,,haga1115,,A,"677,362",97.09%,,,,,,,,3uma,NM,A,"412,296",97.38%,,,,,,,,calangi,NM,A,"465,402",97.96%,,,,,,,,Guyra_,NM,A,"451,868",97.12%,,,,,,,,,,,,,,,,,,,,,,,,,,,,,,,,,,,,,,,,,,,,,,,,,,,,,,,,,,,,,,
,,#9,,Poland,MALISZEWSKI,,S,"999,611",99.69%,"2,652,903",PH,,,#9,,Peru,[MG]Arnold24x24,,S,"967,016",98.47%,"2,327,889",FI,,,,,,,,,,,,,,,#9,,Italy,kusuriya,,A,"690,203",96.20%,"2,117,479",TR,,,#9,,Romania,etn,,B,"560,763",91.18%,"1,722,765",AU,,,,,,,,,,,,,,,#9,,Norway,antonyw,,A,"987,086",99.00%,"2,824,778",CA,,,,,,,,,,,,,,,,,,,,,,,,,,,#9,,Thailand,-Kedama,,S,"1,167,266",99.10%,"3,553,733",JP,,,#9,,Russian Federation,maxim,,S,"1,179,840",99.42%,"3,501,074",CN,,,#9,,Philippines,perhap,,S,"914,150",95.90%,"2,681,941",PL,,,,,,,,,,,,,,,#9,,Finland,Xepei,HR,A,"662,237",97.39%,"2,238,790",PE,,,#9,,United Kingdom,Bubbleman,NM,S,"774,908",98.72%,"2,639,640",NZ,,,,,,,,,,,,,,,,,,,,,,,,,,,,,,,,,,,,,,,,,,,,,,,,,,,,,,,,,,,,
,,,,,milosz,,A,"677,531",98.78%,,,,,,,,Fo_Ka,,B,"478,236",86.84%,,,,,,,,,,,,,,,,,,,,Toukai Teiou,,A,"543,549",98.21%,,,,,,,,badeu,,A,"540,097",94.77%,,,,,,,,,,,,,,,,,,,,NINERIK,,A,"698,752",99.18%,,,,,,,,,,,,,,,,,,,,,,,,,,,,,,,,ChaiPhukChep,,A,"1,074,178",98.54%,,,,,,,,gamer228666,,A,"797,321",97.85%,,,,,,,,NathanRam1918,,S,"698,739",97.39%,,,,,,,,,,,,,,,,,,,,AllyrD,NM,A,"593,726",99.00%,,,,,,,,Plasma,HD,A,"707,264",98.19%,,,,,,,,,,,,,,,,,,,,,,,,,,,,,,,,,,,,,,,,,,,,,,,,,,,,,,,,,,,,,,
,,,,,Kosiarek,,A,"557,080",98.95%,,,,,,,,[MG]-iky-,,S,"451,824",97.47%,,,,,,,,,,,,,,,,,,,,-NyX,,A,"523,555",95.20%,,,,,,,,origin_,,B,"394,717",92.51%,,,,,,,,,,,,,,,,,,,,YokesPai,,A,"605,408",98.11%,,,,,,,,,,,,,,,,,,,,,,,,,,,,,,,,Hinamon,,A,"740,587",96.09%,,,,,,,,Welter,,A,"793,459",98.57%,,,,,,,,Rammu,,A,"648,886",93.54%,,,,,,,,,,,,,,,,,,,,Kalanluu,HD,A,"525,739",98.66%,,,,,,,,skia1,HD,A,"613,437",97.52%,,,,,,,,,,,,,,,,,,,,,,,,,,,,,,,,,,,,,,,,,,,,,,,,,,,,,,,,,,,,,,
,,,,,gnahus,,A,"418,681",99.00%,,,,,,,,-Gardevoir-,,A,"430,813",93.61%,,,,,,,,,,,,,,,,,,,,Duke,,A,"360,172",95.58%,,,,,,,,AlexBelea,,B,"227,188",88.46%,,,,,,,,,,,,,,,,,,,,Melvr,,A,"533,532",97.05%,,,,,,,,,,,,,,,,,,,,,,,,,,,,,,,,chests,,A,"571,702",96.57%,,,,,,,,Hober38,,A,"730,454",97.60%,,,,,,,,Icarussy,,A,"420,166",93.52%,,,,,,,,,,,,,,,,,,,,savilju,NM,A,"457,088",96.49%,,,,,,,,fudge,HDHR,A,"544,031",97.54%,,,,,,,,,,,,,,,,,,,,,,,,,,,,,,,,,,,,,,,,,,,,,,,,,,,,,,,,,,,,,,
,,#10,,New Zealand,ozbert,,S,"927,931",97.82%,"2,635,674",GB,,,#10,,Romania,etn,,A,"682,454",97.52%,"2,295,904",AU,,,,,,,,,,,,,,,#10,,Thailand,Arz3,,S,"697,356",96.89%,"2,014,948",JP,,,#10,,Norway,Melvr,,A,"724,388",93.30%,"1,702,558",CA,,,,,,,,,,,,,,,#10,,Taiwan,Flyer,,A,"951,130",98.31%,"2,602,547",NL,,,,,,,,,,,,,,,,,,,,,,,,,,,#10,,Germany,Fleh,,S,"1,166,095",99.08%,"3,547,204",BR,,,#10,,Türkiye,LyeRR,,A,"969,946",97.35%,"3,310,444",IT,,,#10,,Thailand,Lesperry,,S,"1,022,595",95.43%,"2,583,795",JP,,,,,,,,,,,,,,,#10,,Peru,[MG]Arnold24x24,HD,A,"627,870",98.84%,"2,068,636",FI,,,#10,,Brazil,-izzy,NM,S,"829,010",98.01%,"2,418,965",DE,,,,,,,,,,,,,,,,,,,,,,,,,,,,,,,,,,,,,,,,,,,,,,,,,,,,,,,,,,,,
,,,,,Saiyku,,A,"733,248",99.56%,,,,,,,,origin_,,S,"642,596",97.47%,,,,,,,,,,,,,,,,,,,,-Kedama,,A,"485,904",95.97%,,,,,,,,antonyw,,A,"457,733",96.77%,,,,,,,,,,,,,,,,,,,,GAO HAO,,A,"570,374",97.03%,,,,,,,,,,,,,,,,,,,,,,,,,,,,,,,,yary,,S,"1,163,290",99.48%,,,,,,,,Raikouhou,,A,"944,245",99.28%,,,,,,,,-Kedama,,A,"731,674",96.55%,,,,,,,,,,,,,,,,,,,,P r a h,NM,A,"624,538",96.85%,,,,,,,,Nyash,NM,A,"650,181",98.59%,,,,,,,,,,,,,,,,,,,,,,,,,,,,,,,,,,,,,,,,,,,,,,,,,,,,,,,,,,,,,,
,,,,,Kyujin,,A,"547,606",99.08%,,,,,,,,Kehest,,A,"485,512",95.71%,,,,,,,,,,,,,,,,,,,,chests,,A,"437,971",94.48%,,,,,,,,YokesPai,,B,"335,790",92.87%,,,,,,,,,,,,,,,,,,,,Ruyaya,,A,"559,812",95.40%,,,,,,,,,,,,,,,,,,,,,,,,,,,,,,,,aimbotcone,,A,"691,491",99.04%,,,,,,,,Clutch,,A,"787,505",96.40%,,,,,,,,chests,,A,"543,642",94.36%,,,,,,,,,,,,,,,,,,,,SapeSape,HR,A,"437,883",95.60%,,,,,,,,VitorSkull,HD,A,"477,036",98.00%,,,,,,,,,,,,,,,,,,,,,,,,,,,,,,,,,,,,,,,,,,,,,,,,,,,,,,,,,,,,,,
,,,,,pii,,A,"426,889",98.14%,,,,,,,,AlexBelea,,A,"485,342",93.99%,,,,,,,,,,,,,,,,,,,,Lesperry,,A,"393,717",94.48%,,,,,,,,FRODO,,B,"184,647",87.60%,,,,,,,,,,,,,,,,,,,,Spinesnight,,A,"521,231",96.35%,,,,,,,,,,,,,,,,,,,,,,,,,,,,,,,,Denzel Curry,,A,"526,328",98.18%,,,,,,,,gheanfoil,,A,"608,748",96.29%,,,,,,,,TzArtifactz,,B,"285,884",91.63%,,,,,,,,,,,,,,,,,,,,MiguisXD,NM,A,"378,345",95.09%,,,,,,,,Coreanmaluco,HR,A,"462,738",96.83%,,,,,,,,,,,,,,,,,,,,,,,,,,,,,,,,,,,,,,,,,,,,,,,,,,,,,,,,,,,,,,
,,#11,,Canada,yip,,S,"809,857",98.69%,"2,595,636",NO,,,#11,,Singapore,Cymango,,S,"929,483",97.41%,"2,294,160",AT,,,,,,,,,,,,,,,#11,,Peru,[MG]Arnold24x24,,S,"615,938",97.03%,"1,886,928",FI,,,#11,,Kazakhstan,Kamensh1k,,B,"752,015",92.90%,"1,698,692",ID,,,,,,,,,,,,,,,#11,,Italy,kusuriya,,A,"841,250",99.22%,"2,558,498",TR,,,,,,,,,,,,,,,,,,,,,,,,,,,#11,,Indonesia,lifeline,,S,"1,180,956",99.50%,"3,517,916",KZ,,,#11,,Kazakhstan,Kamensh1k,,S,"1,166,734",99.13%,"3,305,715",ID,,,#11,,Germany,criller,,S,"723,633",98.09%,"2,524,853",BR,,,,,,,,,,,,,,,#11,,Italy,kusuriya,NM,S,"635,966",97.58%,"1,974,558",TR,,,#11,,Austria,fedoragoose,HD, S ,"1,003,509",98.58%,"2,342,986",SG,,,,,,,,,,,,,,,,,,,,,,,,,,,,,,,,,,,,,,,,,,,,,,,,,,,,,,,,,,,,
,,,,,xootynator,,A,"664,747",99.61%,,,,,,,,GSBlank,,A,"613,319",97.03%,,,,,,,,,,,,,,,,,,,,MiguisXD,,A,"481,676",94.95%,,,,,,,,Ternafis,,B,"380,589",92.33%,,,,,,,,,,,,,,,,,,,,Toukai Teiou,,A,"665,875",96.16%,,,,,,,,,,,,,,,,,,,,,,,,,,,,,,,,Stixe,,S,"883,486",99.46%,,,,,,,,ItzZeroIce,,A,"861,781",96.54%,,,,,,,,Tim Kackner,,A,"714,261",97.94%,,,,,,,,,,,,,,,,,,,,-NyX,HD,A,"509,645",97.76%,,,,,,,,z9a,HR,A,"583,673",95.70%,,,,,,,,,,,,,,,,,,,,,,,,,,,,,,,,,,,,,,,,,,,,,,,,,,,,,,,,,,,,,,
,,,,,Zylice,,A,"566,559",98.44%,,,,,,,,hollowknees,,A,"499,197",94.89%,,,,,,,,,,,,,,,,,,,,P r a h,,A,"454,314",95.79%,,,,,,,,3uma,,B,"350,954",91.04%,,,,,,,,,,,,,,,,,,,,MeOwz,,A,"622,419",96.07%,,,,,,,,,,,,,,,,,,,,,,,,,,,,,,,,MineFrostID,,A,"815,426",99.19%,,,,,,,,nybia,,B,"665,718",91.88%,,,,,,,,yary,,A,"559,066",95.78%,,,,,,,,,,,,,,,,,,,,Toukai Teiou,HR,A,"464,692",97.35%,,,,,,,,z10a,NM,A,"449,558",97.63%,,,,,,,,,,,,,,,,,,,,,,,,,,,,,,,,,,,,,,,,,,,,,,,,,,,,,,,,,,,,,,
,,,,,Wanderio,,A,"554,473",98.33%,,,,,,,,qstronaut,,B,"252,161",89.48%,,,,,,,,,,,,,,,,,,,,SapeSape,,B,"335,000",93.00%,,,,,,,,nybia,,C,"215,134",85.84%,,,,,,,,,,,,,,,,,,,,-NyX,,A,"428,954",97.01%,,,,,,,,,,,,,,,,,,,,,,,,,,,,,,,,Hakui Koyori,,A,"638,048",98.02%,,,,,,,,Ternafis,,A,"611,482",95.42%,,,,,,,,ZeitFrost,,A,"527,893",95.85%,,,,,,,,,,,,,,,,,,,,Duke,NM,A,"364,255",96.12%,,,,,,,,tomadoi,HD,A,"306,246",95.79%,,,,,,,,,,,,,,,,,,,,,,,,,,,,,,,,,,,,,,,,,,,,,,,,,,,,,,,,,,,,,,
,,#12,,Thailand,Lesperry,,S,"670,690",99.31%,"2,416,274",JP,,,#12,,Sweden,trumpatino69,,A,"761,307",98.15%,"1,807,645",MY,,,,,,,,,,,,,,,#12,,Japan,Aotoleen,,A,"559,612",94.89%,"1,822,636",TH,,,#12,,Sweden,Lightningfox,,B,"587,684",92.83%,"1,621,341",MY,,,,,,,,,,,,,,,#12,,France,calangi,,A,"876,732",96.12%,"2,508,626",US,,,,,,,,,,,,,,,,,,,,,,,,,,,#12,,China,lolol233,,S,"1,186,442",99.58%,"3,500,927",RU,,,#12,,Taiwan,Flyer,,S,"1,107,491",97.65%,"3,302,033",NL,,,#12,,Singapore,Dawnwing,,A,"719,335",95.88%,"2,362,204",AT,,,,,,,,,,,,,,,#12,,Spain,A L E P H,HD,A,"593,027",99.03%,"1,897,280",AR,,,#12,,Chile,Intercambing,NM,A,"664,435",97.76%,"2,216,091",KR,,,,,,,,,,,,,,,,,,,,,,,,,,,,,,,,,,,,,,,,,,,,,,,,,,,,,,,,,,,,
,,,,,chests,,A,"658,985",98.92%,,,,,,,,Grippeh,,A,"411,284",96.57%,,,,,,,,,,,,,,,,,,,,shouponpon,,A,"466,496",97.65%,,,,,,,,scylla,,B,"507,004",92.94%,,,,,,,,,,,,,,,,,,,,FlasTEH,,A,"662,458",98.91%,,,,,,,,,,,,,,,,,,,,,,,,,,,,,,,,lolol235,,A,"842,317",97.33%,,,,,,,,willy0214,,A,"773,588",99.41%,,,,,,,,GSBlank,,A,"681,801",94.96%,,,,,,,,,,,,,,,,,,,,BabyScylla,HDHR,A,"482,886",98.10%,,,,,,,,NO37,HD,A,"583,745",98.37%,,,,,,,,,,,,,,,,,,,,,,,,,,,,,,,,,,,,,,,,,,,,,,,,,,,,,,,,,,,,,,
,,,,,Hinamon,,A,"592,308",99.79%,,,,,,,,scylla,,B,"322,583",92.20%,,,,,,,,,,,,,,,,,,,,Furamun,,A,"404,351",94.75%,,,,,,,,Fejlan,,B,"303,403",92.65%,,,,,,,,,,,,,,,,,,,,Musty,,A,"592,264",99.07%,,,,,,,,,,,,,,,,,,,,,,,,,,,,,,,,z980838928,,A,"765,884",98.87%,,,,,,,,Shirosora,,A,"731,902",96.23%,,,,,,,,hollowknees,,A,"601,777",97.54%,,,,,,,,,,,,,,,,,,,,marbl,NM,A,"441,979",95.92%,,,,,,,,alfiu,NM,A,"490,817",97.79%,,,,,,,,,,,,,,,,,,,,,,,,,,,,,,,,,,,,,,,,,,,,,,,,,,,,,,,,,,,,,,
,,,,,Arz3,,A,"494,291",99.22%,,,,,,,,Andros,,A,"312,471",93.38%,,,,,,,,,,,,,,,,,,,,hosesan1020,,A,"392,177",95.37%,,,,,,,,Grippeh,,B,"223,250",90.04%,,,,,,,,,,,,,,,,,,,,fiaee,,A,"377,172",95.75%,,,,,,,,,,,,,,,,,,,,,,,,,,,,,,,,Ledeau_Fox,,A,"706,284",99.44%,,,,,,,,Rizer,,A,"689,052",96.55%,,,,,,,,Mekeyo,,B,"359,291",91.01%,,,,,,,,,,,,,,,,,,,,towny1,NM,A,"379,388",95.35%,,,,,,,,Hanayume,HR,S,"477,094",97.27%,,,,,,,,,,,,,,,,,,,,,,,,,,,,,,,,,,,,,,,,,,,,,,,,,,,,,,,,,,,,,,
,,#13,,Kazakhstan,Kamensh1k,,S,"834,790",99.31%,"2,266,660",ID,,,,,,,,,,,,,,,,,,,,,,,,,,,,,,,,,,,,,,,#13,,Germany,yary,,A,"429,246",93.73%,"1,533,761",BR,,,,,,,,,,,,,,,#13,,Türkiye,spray-,,A,"816,652",98.16%,"2,337,074",IT,,,,,,,,,,,,,,,,,,,,,,,,,,,#13,,New Zealand,Saiyku,,S,"1,078,749",96.66%,"3,495,655",GB,,,#13,,Norway,NINERIK,,S,"1,184,374",99.50%,"3,223,919",CA,,,#13,,Sweden,Andros,,A,"641,987",95.65%,"2,109,501",MY,,,,,,,,,,,,,,,#13,,Malaysia,mabayu,NM,A,"506,942",95.09%,"1,698,019",SE,,,#13,,Spain,Palodex,NM,A,"714,004",95.86%,"2,214,847",AR,,,,,,,,,,,,,,,,,,,,,,,,,,,,,,,,,,,,,,,,,,,,,,,,,,,,,,,,,,,,
,,,,,shiyumi,,A,"546,045",99.17%,,,,,,,,,,,,,,,,,,,,,,,,,,,,,,,,,,,,,,,,,,,,criller,,A,"389,713",94.95%,,,,,,,,,,,,,,,,,,,,Orkay,,A,"590,667",97.16%,,,,,,,,,,,,,,,,,,,,,,,,,,,,,,,,ozbert,,S,"829,654",97.89%,,,,,,,,Pinguinzi,,S,"1,124,695",98.13%,,,,,,,,scylla,,A,"539,986",96.10%,,,,,,,,,,,,,,,,,,,,Rampax,HR,A,"422,971",97.53%,,,,,,,,A L E P H,HD,A,"588,770",99.14%,,,,,,,,,,,,,,,,,,,,,,,,,,,,,,,,,,,,,,,,,,,,,,,,,,,,,,,,,,,,,,
,,,,,Ternafis,,A,"511,880",98.94%,,,,,,,,,,,,,,,,,,,,,,,,,,,,,,,,,,,,,,,,,,,,ZeitFrost,,A,"369,591",94.52%,,,,,,,,,,,,,,,,,,,,LyeRR,,A,"483,824",98.05%,,,,,,,,,,,,,,,,,,,,,,,,,,,,,,,,Kyujin,,A,"800,230",98.68%,,,,,,,,HUNDUR,,A,"626,053",95.81%,,,,,,,,Fejlan,,A,"475,842",94.46%,,,,,,,,,,,,,,,,,,,,Chibi Maruko,NM,A,"393,543",96.81%,,,,,,,,[dekori],NM,A,"506,807",97.42%,,,,,,,,,,,,,,,,,,,,,,,,,,,,,,,,,,,,,,,,,,,,,,,,,,,,,,,,,,,,,,
,,,,,nybia,,A,"373,945",97.88%,,,,,,,,,,,,,,,,,,,,,,,,,,,,,,,,,,,,,,,,,,,,Denzel Curry,,S,"345,211",94.01%,,,,,,,,,,,,,,,,,,,,Shinkiro,,A,"445,931",98.29%,,,,,,,,,,,,,,,,,,,,,,,,,,,,,,,,HaSappy,,A,"787,022",99.37%,,,,,,,,Melvr,,B,"288,797",91.43%,,,,,,,,Grippeh,,A,"451,686",97.59%,,,,,,,,,,,,,,,,,,,,AHotDawg,HD,A,"374,563",93.73%,,,,,,,,ESCRUPULILLO,HR,A,"405,266",95.43%,,,,,,,,,,,,,,,,,,,,,,,,,,,,,,,,,,,,,,,,,,,,,,,,,,,,,,,,,,,,,,
,,#14,,Japan,YMD,,A,"669,524",98.69%,"2,238,780",TH,,,,,,,,,,,,,,,,,,,,,,,,,,,,,,,,,,,,,,,#14,,Taiwan,willy0214,,B,"452,153",92.11%,"1,524,939",NL,,,,,,,,,,,,,,,#14,,Netherlands,G e n g a o z o,, S ,"612,787",97.61%,"2,225,539",TW,,,,,,,,,,,,,,,,,,,,,,,,,,,#14,,Poland,milosz,,S,"1,198,948",99.92%,"3,325,055",PH,,,#14,,Italy,Toukai Teiou,,S,"1,129,557",98.32%,"3,184,070",TR,,,#14,,Malaysia,Rampax,,A,"650,309",95.23%,"1,709,664",SE,,,,,,,,,,,,,,,#14,,Argentina,Seiong,HR,A,"691,126",98.28%,"1,546,363",ES,,,#14,,China,Crystal,NM,S,"585,633",99.13%,"2,131,921",RU,,,,,,,,,,,,,,,,,,,,,,,,,,,,,,,,,,,,,,,,,,,,,,,,,,,,,,,,,,,,
,,,,,Homutan,,A,"534,702",98.82%,,,,,,,,,,,,,,,,,,,,,,,,,,,,,,,,,,,,,,,,,,,,GAO HAO,,S,"432,651",93.44%,,,,,,,,,,,,,,,,,,,,Wind Tales,,A,"569,417",97.03%,,,,,,,,,,,,,,,,,,,,,,,,,,,,,,,,Rafis,,A,"767,228",99.62%,,,,,,,,MeOwz,,A,"858,016",97.86%,,,,,,,,Harumi Ena,,A,"396,892",92.35%,,,,,,,,,,,,,,,,,,,,Amuro,HR,A,"457,703",97.67%,,,,,,,,Moonlit111,NM,A,"535,292",97.51%,,,,,,,,,,,,,,,,,,,,,,,,,,,,,,,,,,,,,,,,,,,,,,,,,,,,,,,,,,,,,,
,,,,,shouponpon,,A,"533,873",99.14%,,,,,,,,,,,,,,,,,,,,,,,,,,,,,,,,,,,,,,,,,,,,Ruyaya,,A,"402,456",93.33%,,,,,,,,,,,,,,,,,,,,John breathe,,A,"539,884",97.14%,,,,,,,,,,,,,,,,,,,,,,,,,,,,,,,,gnahus,,S,"689,464",99.50%,,,,,,,,Ryuzaki,,A,"702,988",95.65%,,,,,,,,Chibi Maruko,,A,"363,536",93.79%,,,,,,,,,,,,,,,,,,,,smashcae,NM,A,"397,534",96.71%,,,,,,,,lolol235,HD,A,"523,108",98.35%,,,,,,,,,,,,,,,,,,,,,,,,,,,,,,,,,,,,,,,,,,,,,,,,,,,,,,,,,,,,,,
,,,,,Furamun,,A,"500,681",98.47%,,,,,,,,,,,,,,,,,,,,,,,,,,,,,,,,,,,,,,,,,,,,Ethan2222,,B,"237,679",90.54%,,,,,,,,,,,,,,,,,,,,John ethken,,A,"503,451",98.29%,,,,,,,,,,,,,,,,,,,,,,,,,,,,,,,,evil grape,,A,"669,415",97.97%,,,,,,,,Duke,,B,"493,509",92.61%,,,,,,,,AHotDawg,,B,"298,927",89.94%,,,,,,,,,,,,,,,,,,,,jackzebra,HD,A,0,0.00%,,,,,,,,lolol233,HR,A,"487,888",98.27%,,,,,,,,,,,,,,,,,,,,,,,,,,,,,,,,,,,,,,,,,,,,,,,,,,,,,,,,,,,,,,
,,#15,,Norway,NINERIK,,A,"564,090",99.03%,"2,050,560",CA,,,,,,,,,,,,,,,,,,,,,,,,,,,,,,,,,,,,,,,#15,,Italy,kusuriya,,B,"463,435",89.93%,"1,488,288",TR,,,,,,,,,,,,,,,#15,,Argentina,jackzebra,,A,"531,519",98.00%,"1,926,674",ES,,,,,,,,,,,,,,,,,,,,,,,,,,,#15,,Kazakhstan,Kamensh1k,,S,"1,108,668",99.90%,"3,249,800",ID,,,#15,,Japan,YMD,,S,"1,152,027",98.75%,"3,139,551",TH,,,,,,,,,,,,,,,,,,,,,,,,,,,,,,,,,,,,,,,#15,,Türkiye,spray-,NM,A,"654,387",98.70%,"2,105,135",IT,,,,,,,,,,,,,,,,,,,,,,,,,,,,,,,,,,,,,,,,,,,,,,,,,,,,,,,,,,,,
,,,,,Melvr,,A,"539,098",99.57%,,,,,,,,,,,,,,,,,,,,,,,,,,,,,,,,,,,,,,,,,,,,Toukai Teiou,,A,"454,755",93.73%,,,,,,,,,,,,,,,,,,,,Bomilk,,A,"492,392",95.53%,,,,,,,,,,,,,,,,,,,,,,,,,,,,,,,,ItzZeroIce,,A,"783,098",97.22%,,,,,,,,hosesan1020,,A,"759,728",98.66%,,,,,,,,,,,,,,,,,,,,,,,,,,,,,,,,,,,,,,,,,,,,Raikouhou,NM,A,"622,642",98.35%,,,,,,,,,,,,,,,,,,,,,,,,,,,,,,,,,,,,,,,,,,,,,,,,,,,,,,,,,,,,,,
,,,,,antonyw,,A,"512,094",98.52%,,,,,,,,,,,,,,,,,,,,,,,,,,,,,,,,,,,,,,,,,,,,Duke,,A,"301,248",93.08%,,,,,,,,,,,,,,,,,,,,smashcae,,A,"467,389",96.42%,,,,,,,,,,,,,,,,,,,,,,,,,,,,,,,,Ternafis,,S,"756,994",98.27%,,,,,,,,Furamun,,A,"686,867",97.29%,,,,,,,,,,,,,,,,,,,,,,,,,,,,,,,,,,,,,,,,,,,,Shinkiro,HD,A,"433,058",97.42%,,,,,,,,,,,,,,,,,,,,,,,,,,,,,,,,,,,,,,,,,,,,,,,,,,,,,,,,,,,,,,
,,,,,Pinguinzi,,A,"435,278",98.79%,,,,,,,,,,,,,,,,,,,,,,,,,,,,,,,,,,,,,,,,,,,,m4rkvc,,B,"268,850",90.04%,,,,,,,,,,,,,,,,,,,,Penguo,,A,"435,374",95.14%,,,,,,,,,,,,,,,,,,,,,,,,,,,,,,,,Ravexi,,A,"601,040",96.51%,,,,,,,,Aotoleen,,A,"540,929",94.98%,,,,,,,,,,,,,,,,,,,,,,,,,,,,,,,,,,,,,,,,,,,,Ievi-,HR,A,"395,048",97.08%,,,,,,,,,,,,,,,,,,,,,,,,,,,,,,,,,,,,,,,,,,,,,,,,,,,,,,,,,,,,,,
,,#16,,Malaysia,mabayu,,A,"470,088",98.42%,"1,731,308",SE,,,,,,,,,,,,,,,,,,,,,,,,,,,,,,,,,,,,,,,#16,,United Kingdom,lystia,,A,"464,298",95.34%,"1,467,773",NZ,,,,,,,,,,,,,,,#16,,Indonesia,FAW,,A,"512,237",97.81%,"1,778,314",KZ,,,,,,,,,,,,,,,,,,,,,,,,,,,#16,,Argentina,jackzebra,,A,"1,003,359",98.73%,"3,064,216",ES,,,#16,,South Korea,LATAJACYTUNCZYK,,S,"1,109,316",97.75%,"3,083,981",CL,,,,,,,,,,,,,,,,,,,,,,,,,,,,,,,,,,,,,,,#16,,Netherlands,John ethken,NM,A,"755,669",97.92%,"2,063,396",TW,,,,,,,,,,,,,,,,,,,,,,,,,,,,,,,,,,,,,,,,,,,,,,,,,,,,,,,,,,,,
,,,,,Rampax,,A,"466,665",98.47%,,,,,,,,,,,,,,,,,,,,,,,,,,,,,,,,,,,,,,,,,,,,MALTESER,,A,"366,121",93.84%,,,,,,,,,,,,,,,,,,,,Hakui Koyori,,A,"470,031",96.88%,,,,,,,,,,,,,,,,,,,,,,,,,,,,,,,,Seiong,,S,"865,863",99.04%,,,,,,,,Chipori,,A,"792,604",96.63%,,,,,,,,,,,,,,,,,,,,,,,,,,,,,,,,,,,,,,,,,,,,Wind Tales,HR,A,"473,755",96.89%,,,,,,,,,,,,,,,,,,,,,,,,,,,,,,,,,,,,,,,,,,,,,,,,,,,,,,,,,,,,,,
,,,,,Harumi Ena,,A,"434,482",98.77%,,,,,,,,,,,,,,,,,,,,,,,,,,,,,,,,,,,,,,,,,,,,fudge,,A,"333,787",94.23%,,,,,,,,,,,,,,,,,,,,MejiroMcQueen,,A,"447,867",95.01%,,,,,,,,,,,,,,,,,,,,,,,,,,,,,,,,viciobylike,,A,"660,270",99.48%,,,,,,,,Suyong_,,A,"737,491",97.75%,,,,,,,,,,,,,,,,,,,,,,,,,,,,,,,,,,,,,,,,,,,,John breathe,HD,A,"436,677",98.19%,,,,,,,,,,,,,,,,,,,,,,,,,,,,,,,,,,,,,,,,,,,,,,,,,,,,,,,,,,,,,,
,,,,,AHotDawg,,A,"360,073",96.59%,,,,,,,,,,,,,,,,,,,,,,,,,,,,,,,,,,,,,,,,,,,,Plasma,,B,"303,567",92.80%,,,,,,,,,,,,,,,,,,,,GNX,,B,"348,179",92.64%,,,,,,,,,,,,,,,,,,,,,,,,,,,,,,,,Tofy,,A,"534,724",98.79%,,,,,,,,MYKEYBOARD,,A,"444,570",95.17%,,,,,,,,,,,,,,,,,,,,,,,,,,,,,,,,,,,,,,,,,,,,perthed again,NM,A,"397,295",96.10%,,,,,,,,,,,,,,,,,,,,,,,,,,,,,,,,,,,,,,,,,,,,,,,,,,,,,,,,,,,,,,
,,,,,,,,,,,,,,,,,,,,,,,,,,,,,,,,,,,,,,,,,,,,,,,,,,#17,,Türkiye,Raikouhou,,S,"440,522",94.30%,"1,330,635",IT,,,,,,,,,,,,,,,,,,,,,,,,,,,,,,,,,,,,,,,,,,,,,,,,,,,#17,,Japan,YMD,,A,"873,442",97.51%,"3,017,239",TH,,,#17,,Thailand,ChaiPhukChep,,S,"1,072,152",98.10%,"3,082,195",JP,,,,,,,,,,,,,,,,,,,,,,,,,,,,,,,,,,,,,,,#17,,Norway,YokesPai,HD,A,"633,022",97.48%,"2,027,289",CA,,,,,,,,,,,,,,,,,,,,,,,,,,,,,,,,,,,,,,,,,,,,,,,,,,,,,,,,,,,,
,,,,,,,,,,,,,,,,,,,,,,,,,,,,,,,,,,,,,,,,,,,,,,,,,,,,,Shinkiro,,A,"333,347",93.44%,,,,,,,,,,,,,,,,,,,,,,,,,,,,,,,,,,,,,,,,,,,,,,,,,,,,,,,,haga1115,,S,"848,024",99.04%,,,,,,,,Arz3,,A,"713,600",96.45%,,,,,,,,,,,,,,,,,,,,,,,,,,,,,,,,,,,,,,,,,,,,antonyw,NM,A,"543,598",98.70%,,,,,,,,,,,,,,,,,,,,,,,,,,,,,,,,,,,,,,,,,,,,,,,,,,,,,,,,,,,,,,
,,,,,,,,,,,,,,,,,,,,,,,,,,,,,,,,,,,,,,,,,,,,,,,,,,,,,spray-,,B,"313,489",88.32%,,,,,,,,,,,,,,,,,,,,,,,,,,,,,,,,,,,,,,,,,,,,,,,,,,,,,,,,hosesan1020,,A,"709,655",98.83%,,,,,,,,chests,,A,"663,973",94.09%,,,,,,,,,,,,,,,,,,,,,,,,,,,,,,,,,,,,,,,,,,,,Melvr,NM,A,"464,880",93.05%,,,,,,,,,,,,,,,,,,,,,,,,,,,,,,,,,,,,,,,,,,,,,,,,,,,,,,,,,,,,,,
,,,,,,,,,,,,,,,,,,,,,,,,,,,,,,,,,,,,,,,,,,,,,,,,,,,,,Orkay,,B,"243,277",90.25%,,,,,,,,,,,,,,,,,,,,,,,,,,,,,,,,,,,,,,,,,,,,,,,,,,,,,,,,Furamun,,A,"586,118",98.87%,,,,,,,,-Kedama,,A,"632,470",94.87%,,,,,,,,,,,,,,,,,,,,,,,,,,,,,,,,,,,,,,,,,,,,NINERIK,HR,A,"385,789",97.51%,,,,,,,,,,,,,,,,,,,,,,,,,,,,,,,,,,,,,,,,,,,,,,,,,,,,,,,,,,,,,,
,,,,,,,,,,,,,,,,,,,,,,,,,,,,,,,,,,,,,,,,,,,,,,,,,,#18,,New Zealand,5aiyku,,A,"401,563",94.23%,"1,325,563",GB,,,,,,,,,,,,,,,,,,,,,,,,,,,,,,,,,,,,,,,,,,,,,,,,,,,#18,,Peru,[MG]Arnold24x24,,S,"1,190,993",99.67%,"3,002,985",FI,,,#18,,Malaysia,n0 head,,S,"1,119,157",98.18%,"3,056,836",SE,,,,,,,,,,,,,,,,,,,,,,,,,,,,,,,,,,,,,,,#18,,Singapore,Dawnwing,NM,A,"544,936",97.64%,"1,977,088",AT,,,,,,,,,,,,,,,,,,,,,,,,,,,,,,,,,,,,,,,,,,,,,,,,,,,,,,,,,,,,
,,,,,,,,,,,,,,,,,,,,,,,,,,,,,,,,,,,,,,,,,,,,,,,,,,,,,Kyujin,,A,"384,053",94.73%,,,,,,,,,,,,,,,,,,,,,,,,,,,,,,,,,,,,,,,,,,,,,,,,,,,,,,,,[MG]-iky-,,A,"699,050",98.60%,,,,,,,,Rampax,,A,"702,623",96.77%,,,,,,,,,,,,,,,,,,,,,,,,,,,,,,,,,,,,,,,,,,,,GSBlank,HR,A,"528,105",96.23%,,,,,,,,,,,,,,,,,,,,,,,,,,,,,,,,,,,,,,,,,,,,,,,,,,,,,,,,,,,,,,
,,,,,,,,,,,,,,,,,,,,,,,,,,,,,,,,,,,,,,,,,,,,,,,,,,,,,pii,,B,"350,579",92.33%,,,,,,,,,,,,,,,,,,,,,,,,,,,,,,,,,,,,,,,,,,,,,,,,,,,,,,,,SapeSape,,A,"654,258",94.34%,,,,,,,,Harumi Ena,,A,"631,583",94.86%,,,,,,,,,,,,,,,,,,,,,,,,,,,,,,,,,,,,,,,,,,,,Cymango,NM,A,"481,560",96.03%,,,,,,,,,,,,,,,,,,,,,,,,,,,,,,,,,,,,,,,,,,,,,,,,,,,,,,,,,,,,,,
,,,,,,,,,,,,,,,,,,,,,,,,,,,,,,,,,,,,,,,,,,,,,,,,,,,,,ozbert,,C,"189,368",85.63%,,,,,,,,,,,,,,,,,,,,,,,,,,,,,,,,,,,,,,,,,,,,,,,,,,,,,,,,P r a h,,A,"458,684",94.92%,,,,,,,,mabayu,,A,"603,473",94.64%,,,,,,,,,,,,,,,,,,,,,,,,,,,,,,,,,,,,,,,,,,,,Eagle5324,HD,A,"422,487",98.03%,,,,,,,,,,,,,,,,,,,,,,,,,,,,,,,,,,,,,,,,,,,,,,,,,,,,,,,,,,,,,,
,,,,,,,,,,,,,,,,,,,,,,,,,,,,,,,,,,,,,,,,,,,,,,,,,,#19,,Spain,A L E P H,,B,"408,712",89.96%,"1,311,140",AR,,,,,,,,,,,,,,,,,,,,,,,,,,,,,,,,,,,,,,,,,,,,,,,,,,,#19,,Philippines,zonelouise,,A,"796,604",99.54%,"2,875,889",PL,,,#19,,Argentina,viciobylike,,S,"856,592",96.46%,"2,981,099",ES,,,,,,,,,,,,,,,,,,,,,,,,,,,,,,,,,,,,,,,#19,,Argentina,Bomilk,NM,S,"615,567",97.23%,"1,958,546",ES,,,,,,,,,,,,,,,,,,,,,,,,,,,,,,,,,,,,,,,,,,,,,,,,,,,,,,,,,,,,
,,,,,,,,,,,,,,,,,,,,,,,,,,,,,,,,,,,,,,,,,,,,,,,,,,,,,marbl,,B,"330,404",88.82%,,,,,,,,,,,,,,,,,,,,,,,,,,,,,,,,,,,,,,,,,,,,,,,,,,,,,,,,Jitterish,,A,"789,913",98.79%,,,,,,,,Seiong,,A,"781,079",98.10%,,,,,,,,,,,,,,,,,,,,,,,,,,,,,,,,,,,,,,,,,,,,smashcae,NM,A,"503,383",98.29%,,,,,,,,,,,,,,,,,,,,,,,,,,,,,,,,,,,,,,,,,,,,,,,,,,,,,,,,,,,,,,
,,,,,,,,,,,,,,,,,,,,,,,,,,,,,,,,,,,,,,,,,,,,,,,,,,,,,ESCRUPULILLO,,B,"308,930",90.18%,,,,,,,,,,,,,,,,,,,,,,,,,,,,,,,,,,,,,,,,,,,,,,,,,,,,,,,,Icarussy,,S,"717,361",98.18%,,,,,,,,jackzebra,,A,"692,505",95.51%,,,,,,,,,,,,,,,,,,,,,,,,,,,,,,,,,,,,,,,,,,,,jackzebra,HD,A,"474,555",97.26%,,,,,,,,,,,,,,,,,,,,,,,,,,,,,,,,,,,,,,,,,,,,,,,,,,,,,,,,,,,,,,
,,,,,,,,,,,,,,,,,,,,,,,,,,,,,,,,,,,,,,,,,,,,,,,,,,,,,Palodex,,B,"263,094",91.72%,,,,,,,,,,,,,,,,,,,,,,,,,,,,,,,,,,,,,,,,,,,,,,,,,,,,,,,,NathanRam1918,,A,"572,011",96.03%,,,,,,,,Tofy,,A,"650,923",96.27%,,,,,,,,,,,,,,,,,,,,,,,,,,,,,,,,,,,,,,,,,,,,Amuro,HR,A,"365,041",95.91%,,,,,,,,,,,,,,,,,,,,,,,,,,,,,,,,,,,,,,,,,,,,,,,,,,,,,,,,,,,,,,
,,,,,,,,,,,,,,,,,,,,,,,,,,,,,,,,,,,,,,,,,,,,,,,,,,#20,,Indonesia,MejiroMcQueen,,B,"388,121",92.22%,"1,290,447",KZ,,,,,,,,,,,,,,,,,,,,,,,,,,,,,,,,,,,,,,,,,,,,,,,,,,,#20,,Brazil,-izzy,,S,"978,410",97.97%,"2,799,498",DE,,,#20,,Netherlands,perthed again,,S,"942,333",98.29%,"2,973,095",TW,,,,,,,,,,,,,,,,,,,,,,,,,,,,,,,,,,,,,,,#20,,Finland,Isak-,HD,A,"538,913",98.77%,"1,858,336",PE,,,,,,,,,,,,,,,,,,,,,,,,,,,,,,,,,,,,,,,,,,,,,,,,,,,,,,,,,,,,
,,,,,,,,,,,,,,,,,,,,,,,,,,,,,,,,,,,,,,,,,,,,,,,,,,,,,Hakui Koyori,,B,"319,399",92.94%,,,,,,,,,,,,,,,,,,,,,,,,,,,,,,,,,,,,,,,,,,,,,,,,,,,,,,,,Nyash,,S,"652,660",97.99%,,,,,,,,Wind Tales,,A,"707,511",96.13%,,,,,,,,,,,,,,,,,,,,,,,,,,,,,,,,,,,,,,,,,,,,AllyrD,NM,A,"521,164",98.46%,,,,,,,,,,,,,,,,,,,,,,,,,,,,,,,,,,,,,,,,,,,,,,,,,,,,,,,,,,,,,,
,,,,,,,,,,,,,,,,,,,,,,,,,,,,,,,,,,,,,,,,,,,,,,,,,,,,,Stixe,,B,"300,015",91.43%,,,,,,,,,,,,,,,,,,,,,,,,,,,,,,,,,,,,,,,,,,,,,,,,,,,,,,,,tayko,,A,"619,737",98.33%,,,,,,,,G e n g a o z o,,A,"662,762",97.05%,,,,,,,,,,,,,,,,,,,,,,,,,,,,,,,,,,,,,,,,,,,,Kalanluu,NM,A,"426,596",97.63%,,,,,,,,,,,,,,,,,,,,,,,,,,,,,,,,,,,,,,,,,,,,,,,,,,,,,,,,,,,,,,
,,,,,,,,,,,,,,,,,,,,,,,,,,,,,,,,,,,,,,,,,,,,,,,,,,,,,FAW,,B,"282,912",92.54%,,,,,,,,,,,,,,,,,,,,,,,,,,,,,,,,,,,,,,,,,,,,,,,,,,,,,,,,Coreanmaluco,,A,"548,691",98.77%,,,,,,,,John ethken,,A,"660,489",96.10%,,,,,,,,,,,,,,,,,,,,,,,,,,,,,,,,,,,,,,,,,,,,Xepei,HR,A,"371,663",95.97%,,,,,,,,,,,,,,,,,,,,,,,,,,,,,,,,,,,,,,,,,,,,,,,,,,,,,,,,,,,,,,
,,,,,,,,,,,,,,,,,,,,,,,,,,,,,,,,,,,,,,,,,,,,,,,,,,#21,,Brazil,-izzy,,A,"361,999",91.65%,"1,288,937",DE,,,,,,,,,,,,,,,,,,,,,,,,,,,,,,,,,,,,,,,,,,,,,,,,,,,,,,,,,,,,,,,#21,,Chile,alfiu,,S,"1,150,203",98.75%,"2,898,592",KR,,,,,,,,,,,,,,,,,,,,,,,,,,,,,,,,,,,,,,,#21,,Malaysia,AHotDawg,HD,A,"720,468",95.74%,"1,728,105",SE,,,,,,,,,,,,,,,,,,,,,,,,,,,,,,,,,,,,,,,,,,,,,,,,,,,,,,,,,,,,
,,,,,,,,,,,,,,,,,,,,,,,,,,,,,,,,,,,,,,,,,,,,,,,,,,,,,kagiura,,B,"329,724",90.79%,,,,,,,,,,,,,,,,,,,,,,,,,,,,,,,,,,,,,,,,,,,,,,,,,,,,,,,,,,,,,,,,,,,,xXChokgamerXx,,A,"666,809",96.84%,,,,,,,,,,,,,,,,,,,,,,,,,,,,,,,,,,,,,,,,,,,,mabayu,NM,A,"366,440",96.49%,,,,,,,,,,,,,,,,,,,,,,,,,,,,,,,,,,,,,,,,,,,,,,,,,,,,,,,,,,,,,,
,,,,,,,,,,,,,,,,,,,,,,,,,,,,,,,,,,,,,,,,,,,,,,,,,,,,,Coreanmaluco,,A,"326,772",94.09%,,,,,,,,,,,,,,,,,,,,,,,,,,,,,,,,,,,,,,,,,,,,,,,,,,,,,,,,,,,,,,,,,,,,Gonzah,,A,"553,795",96.51%,,,,,,,,,,,,,,,,,,,,,,,,,,,,,,,,,,,,,,,,,,,,Rampax,HR,A,"326,087",93.89%,,,,,,,,,,,,,,,,,,,,,,,,,,,,,,,,,,,,,,,,,,,,,,,,,,,,,,,,,,,,,,
,,,,,,,,,,,,,,,,,,,,,,,,,,,,,,,,,,,,,,,,,,,,,,,,,,,,,Kurumiw,,B,"270,442",90.61%,,,,,,,,,,,,,,,,,,,,,,,,,,,,,,,,,,,,,,,,,,,,,,,,,,,,,,,,,,,,,,,,,,,,Intercambing,,A,"527,785",94.92%,,,,,,,,,,,,,,,,,,,,,,,,,,,,,,,,,,,,,,,,,,,,Harumi Ena,NM,A,"315,110",96.25%,,,,,,,,,,,,,,,,,,,,,,,,,,,,,,,,,,,,,,,,,,,,,,,,,,,,,,,,,,,,,,
,,,,,,,,,,,,,,,,,,,,,,,,,,,,,,,,,,,,,,,,,,,,,,,,,,#22,,Argentina,smashcae,,B,"367,093",91.94%,"1,182,353",ES,,,,,,,,,,,,,,,,,,,,,,,,,,,,,,,,,,,,,,,,,,,,,,,,,,,,,,,,,,,,,,,#22,,Singapore,Cymango,,S,"1,117,478",97.93%,"2,893,932",AT,,,,,,,,,,,,,,,,,,,,,,,,,,,,,,,,,,,,,,,#22,,Italy,Toukai Teiou,HD,A,"545,539",98.28%,"1,720,378",TR,,,,,,,,,,,,,,,,,,,,,,,,,,,,,,,,,,,,,,,,,,,,,,,,,,,,,,,,,,,,
,,,,,,,,,,,,,,,,,,,,,,,,,,,,,,,,,,,,,,,,,,,,,,,,,,,,,Bomilk,,B,"297,197",90.86%,,,,,,,,,,,,,,,,,,,,,,,,,,,,,,,,,,,,,,,,,,,,,,,,,,,,,,,,,,,,,,,,,,,,GSBlank,,A,"762,171",96.27%,,,,,,,,,,,,,,,,,,,,,,,,,,,,,,,,,,,,,,,,,,,,kusuriya,HR,A,"458,368",96.06%,,,,,,,,,,,,,,,,,,,,,,,,,,,,,,,,,,,,,,,,,,,,,,,,,,,,,,,,,,,,,,
,,,,,,,,,,,,,,,,,,,,,,,,,,,,,,,,,,,,,,,,,,,,,,,,,,,,,Amuro,,B,"274,768",89.00%,,,,,,,,,,,,,,,,,,,,,,,,,,,,,,,,,,,,,,,,,,,,,,,,,,,,,,,,,,,,,,,,,,,,hollowknees,,A,"512,466",97.54%,,,,,,,,,,,,,,,,,,,,,,,,,,,,,,,,,,,,,,,,,,,,Ryuzaki,NM,A,"432,770",97.76%,,,,,,,,,,,,,,,,,,,,,,,,,,,,,,,,,,,,,,,,,,,,,,,,,,,,,,,,,,,,,,
,,,,,,,,,,,,,,,,,,,,,,,,,,,,,,,,,,,,,,,,,,,,,,,,,,,,,jackzebra,,B,"243,295",89.43%,,,,,,,,,,,,,,,,,,,,,,,,,,,,,,,,,,,,,,,,,,,,,,,,,,,,,,,,,,,,,,,,,,,,qstronaut,,A,"501,817",96.02%,,,,,,,,,,,,,,,,,,,,,,,,,,,,,,,,,,,,,,,,,,,,Duke,NM,A,"283,701",95.55%,,,,,,,,,,,,,,,,,,,,,,,,,,,,,,,,,,,,,,,,,,,,,,,,,,,,,,,,,,,,,,
,,,,,,,,,,,,,,,,,,,,,,,,,,,,,,,,,,,,,,,,,,,,,,,,,,#23,,Netherlands,John breathe,,B,"322,702",92.54%,"1,145,896",TW,,,,,,,,,,,,,,,,,,,,,,,,,,,,,,,,,,,,,,,,,,,,,,,,,,,,,,,,,,,,,,,#23,,Brazil,VitorSkull,,S,"1,132,478",98.25%,"2,878,668",DE,,,,,,,,,,,,,,,,,,,,,,,,,,,,,,,,,,,,,,,,,,,,,,,,,,,,,,,,,,,,,,,,,,,,,,,,,,,,,,,,,,,,,,,,,,,,,,,,,,,,,,,,,,,,
,,,,,,,,,,,,,,,,,,,,,,,,,,,,,,,,,,,,,,,,,,,,,,,,,,,,,John ethken,,B,"304,255",90.97%,,,,,,,,,,,,,,,,,,,,,,,,,,,,,,,,,,,,,,,,,,,,,,,,,,,,,,,,,,,,,,,,,,,,tayko,,A,"777,026",96.76%,,,,,,,,,,,,,,,,,,,,,,,,,,,,,,,,,,,,,,,,,,,,,,,,,,,,,,,,,,,,,,,,,,,,,,,,,,,,,,,,,,,,,,,,,,,,,,,,,,,,,,,,,,,,,,
,,,,,,,,,,,,,,,,,,,,,,,,,,,,,,,,,,,,,,,,,,,,,,,,,,,,,G e n g a o z o,,B,"273,541",92.54%,,,,,,,,,,,,,,,,,,,,,,,,,,,,,,,,,,,,,,,,,,,,,,,,,,,,,,,,,,,,,,,,,,,,Coreanmaluco,,A,"550,866",95.76%,,,,,,,,,,,,,,,,,,,,,,,,,,,,,,,,,,,,,,,,,,,,,,,,,,,,,,,,,,,,,,,,,,,,,,,,,,,,,,,,,,,,,,,,,,,,,,,,,,,,,,,,,,,,,,
,,,,,,,,,,,,,,,,,,,,,,,,,,,,,,,,,,,,,,,,,,,,,,,,,,,,,perthed again,,B,"245,398",87.67%,,,,,,,,,,,,,,,,,,,,,,,,,,,,,,,,,,,,,,,,,,,,,,,,,,,,,,,,,,,,,,,,,,,,Kurumiw,,B,"418,298",91.66%,,,,,,,,,,,,,,,,,,,,,,,,,,,,,,,,,,,,,,,,,,,,,,,,,,,,,,,,,,,,,,,,,,,,,,,,,,,,,,,,,,,,,,,,,,,,,,,,,,,,,,,,,,,,,,
,,,,,,,,,,,,,,,,,,,,,,,,,,,,,,,,,,,,,,,,,,,,,,,,,,#24,,Malaysia,Rampax,,B,"337,189",87.96%,"1,043,932",SE,,,,,,,,,,,,,,,,,,,,,,,,,,,,,,,,,,,,,,,,,,,,,,,,,,,,,,,,,,,,,,,#24,,Sweden,trumpatino69,,A,"836,192",98.89%,"2,849,713",MY,,,,,,,,,,,,,,,,,,,,,,,,,,,,,,,,,,,,,,,,,,,,,,,,,,,,,,,,,,,,,,,,,,,,,,,,,,,,,,,,,,,,,,,,,,,,,,,,,,,,,,,,,,,,
,,,,,,,,,,,,,,,,,,,,,,,,,,,,,,,,,,,,,,,,,,,,,,,,,,,,,AHotDawg,,C,"244,816",85.13%,,,,,,,,,,,,,,,,,,,,,,,,,,,,,,,,,,,,,,,,,,,,,,,,,,,,,,,,,,,,,,,,,,,,melwem,,A,"677,967",95.82%,,,,,,,,,,,,,,,,,,,,,,,,,,,,,,,,,,,,,,,,,,,,,,,,,,,,,,,,,,,,,,,,,,,,,,,,,,,,,,,,,,,,,,,,,,,,,,,,,,,,,,,,,,,,,,
,,,,,,,,,,,,,,,,,,,,,,,,,,,,,,,,,,,,,,,,,,,,,,,,,,,,,mabayu,,B,"242,995",88.75%,,,,,,,,,,,,,,,,,,,,,,,,,,,,,,,,,,,,,,,,,,,,,,,,,,,,,,,,,,,,,,,,,,,,Andros,,A,"670,526",96.40%,,,,,,,,,,,,,,,,,,,,,,,,,,,,,,,,,,,,,,,,,,,,,,,,,,,,,,,,,,,,,,,,,,,,,,,,,,,,,,,,,,,,,,,,,,,,,,,,,,,,,,,,,,,,,,
,,,,,,,,,,,,,,,,,,,,,,,,,,,,,,,,,,,,,,,,,,,,,,,,,,,,,Chiyuu,,B,"218,932",90.36%,,,,,,,,,,,,,,,,,,,,,,,,,,,,,,,,,,,,,,,,,,,,,,,,,,,,,,,,,,,,,,,,,,,,scylla,,A,"665,028",96.29%,,,,,,,,,,,,,,,,,,,,,,,,,,,,,,,,,,,,,,,,,,,,,,,,,,,,,,,,,,,,,,,,,,,,,,,,,,,,,,,,,,,,,,,,,,,,,,,,,,,,,,,,,,,,,,
,,,,,,,,,,,,,,,,,,,,,,,,,,,,,,,,,,,,,,,,,,,,,,,,,,,,,,,,,,,,,,,,,,,,,,,,,,,,,,,,,,,,,,,,,,,,,,,,,,,,,,,,,,,,,,,,,,,,,,,,,,#25,,United Kingdom,MALTESER,,A,"819,519",99.20%,"2,712,485",NZ,,,,,,,,,,,,,,,,,,,,,,,,,,,,,,,,,,,,,,,,,,,,,,,,,,,,,,,,,,,,,,,,,,,,,,,,,,,,,,,,,,,,,,,,,,,,,,,,,,,,,,,,,,,,
,,,,,,,,,,,,,,,,,,,,,,,,,,,,,,,,,,,,,,,,,,,,,,,,,,,,,,,,,,,,,,,,,,,,,,,,,,,,,,,,,,,,,,,,,,,,,,,,,,,,,,,,,,,,,,,,,,,,,,,,,,,,,Bubbleman,,A,"697,899",97.10%,,,,,,,,,,,,,,,,,,,,,,,,,,,,,,,,,,,,,,,,,,,,,,,,,,,,,,,,,,,,,,,,,,,,,,,,,,,,,,,,,,,,,,,,,,,,,,,,,,,,,,,,,,,,,,
,,,,,,,,,,,,,,,,,,,,,,,,,,,,,,,,,,,,,,,,,,,,,,,,,,,,,,,,,,,,,,,,,,,,,,,,,,,,,,,,,,,,,,,,,,,,,,,,,,,,,,,,,,,,,,,,,,,,,,,,,,,,,fudge,,A,"680,356",94.54%,,,,,,,,,,,,,,,,,,,,,,,,,,,,,,,,,,,,,,,,,,,,,,,,,,,,,,,,,,,,,,,,,,,,,,,,,,,,,,,,,,,,,,,,,,,,,,,,,,,,,,,,,,,,,,
,,,,,,,,,,,,,,,,,,,,,,,,,,,,,,,,,,,,,,,,,,,,,,,,,,,,,,,,,,,,,,,,,,,,,,,,,,,,,,,,,,,,,,,,,,,,,,,,,,,,,,,,,,,,,,,,,,,,,,,,,,,,,skia1,,B,"514,711",89.62%,,,,,,,,,,,,,,,,,,,,,,,,,,,,,,,,,,,,,,,,,,,,,,,,,,,,,,,,,,,,,,,,,,,,,,,,,,,,,,,,,,,,,,,,,,,,,,,,,,,,,,,,,,,,,,
,,,,,,,,,,,,,,,,,,,,,,,,,,,,,,,,,,,,,,,,,,,,,,,,,,,,,,,,,,,,,,,,,,,,,,,,,,,,,,,,,,,,,,,,,,,,,,,,,,,,,,,,,,,,,,,,,,,,,,,,,,#26,,Peru,[MG]Arnold24x24,,S,"1,173,619",99.24%,"2,620,377",FI,,,,,,,,,,,,,,,,,,,,,,,,,,,,,,,,,,,,,,,,,,,,,,,,,,,,,,,,,,,,,,,,,,,,,,,,,,,,,,,,,,,,,,,,,,,,,,,,,,,,,,,,,,,,
,,,,,,,,,,,,,,,,,,,,,,,,,,,,,,,,,,,,,,,,,,,,,,,,,,,,,,,,,,,,,,,,,,,,,,,,,,,,,,,,,,,,,,,,,,,,,,,,,,,,,,,,,,,,,,,,,,,,,,,,,,,,,[MG]-iky-,,A,"563,584",96.96%,,,,,,,,,,,,,,,,,,,,,,,,,,,,,,,,,,,,,,,,,,,,,,,,,,,,,,,,,,,,,,,,,,,,,,,,,,,,,,,,,,,,,,,,,,,,,,,,,,,,,,,,,,,,,,
,,,,,,,,,,,,,,,,,,,,,,,,,,,,,,,,,,,,,,,,,,,,,,,,,,,,,,,,,,,,,,,,,,,,,,,,,,,,,,,,,,,,,,,,,,,,,,,,,,,,,,,,,,,,,,,,,,,,,,,,,,,,,Fo_Ka,,B,"495,921",89.37%,,,,,,,,,,,,,,,,,,,,,,,,,,,,,,,,,,,,,,,,,,,,,,,,,,,,,,,,,,,,,,,,,,,,,,,,,,,,,,,,,,,,,,,,,,,,,,,,,,,,,,,,,,,,,,
,,,,,,,,,,,,,,,,,,,,,,,,,,,,,,,,,,,,,,,,,,,,,,,,,,,,,,,,,,,,,,,,,,,,,,,,,,,,,,,,,,,,,,,,,,,,,,,,,,,,,,,,,,,,,,,,,,,,,,,,,,,,,-Gardevoir-,,B,"387,253",92.73%,,,,,,,,,,,,,,,,,,,,,,,,,,,,,,,,,,,,,,,,,,,,,,,,,,,,,,,,,,,,,,,,,,,,,,,,,,,,,,,,,,,,,,,,,,,,,,,,,,,,,,,,,,,,,,