,,,,,,,,,,,,,,,,,,,,,,,,,,,,,,,,,,,,,,,,,,,,,,,,,,,,,,,,,,,,,,,,,,,,,,,,,,,,,,,,,,,,,,,,,,,,,,,,,,,,,,,,,,,,,,,,,,,,,,,,,,,,,,,,,,,,,,,,,,,,,,,,,,,,,,,,,,,,,,,,,,,,,,,,,,,,,,,,,,,,,,,,,,,,,,,,,,,,,,,,,,,,,,,,,,,,,,,,,,,
#REF!,,,,,,,,,,,,,,,,,,,,,,,,,,,,,,,,,,,,,,,,,,,,,,,,,,,,,,,,,,,,,,,,,,,,,,,,,,,,,,,,,,,,,,,,,,,,,,,,,,,,,,,,,,,,,,,,,,,,,,,,,,,,,,,,,,,,,,,,,,,,,,,,,,,,,,,,,,,,,,,,,,,,,,,,,,,,,,,,,,,,,,,,,,,,,,,,,,,,,,,,,,,,,,,,,,,,,,,,,,,
,,,,,,,,,,,,,,,,,,,,,,,,,,,,,,,,,,,,,,,,,,,,,,,,,,,,,,,,,,,,,,,,,,,,,,,,,,,,,,,,,,,,,,,,,,,,,,,,,,,,,,,,,,,,,,,,,,,,,,,,,,,,,,,,,,,,,,,,,,,,,,,,,,,,,,,,,,,,,,,,,,,,,,,,,,,,,,,,,,,,,,,,,,,,,,,,,,,,,,,,,,,,,,,,,,,,,,,,,,,
,,OWC 2025 Semifinals ⬥ Player Leaderboards,,,,,,,,,,,,,,,,,,,,,,,,,,,,,,,,,,,,,,,,,,,,,,,,,,,,,,,,,,,,,,,,,,,,,,,,,,,,,,,,,,,,,,,,,,,,,,,,,,,,,,,,,,,,,,,,,,,,,,,,,,,,,,,,,,,,,,,,,,,,,,,,,,,,,,,,,,,,,,,,,,,,,,,,,,,,,,,,,,,,,,,,,,,,,,,,,,,,,,,,,,,,,,,,,,,,,,,,,
,,,,,,,,,,,,,,,,,,,,,,,,,,,,,,,,,,,,,,,,,,,,,,,,,,,,,,,,,,,,,,,,,,,,,,,,,,,,,,,,,,,,,,,,,,,,,,,,,,,,,,,,,,,,,,,,,,,,,,,,,,,,,,,,,,,,,,,,,,,,,,,,,,,,,,,,,,,,,,,,,,,,,,,,,,,,,,,,,,,,,,,,,,,,,,,,,,,,,,,,,,,,,,,,,,,,,,,,,,,
,,NM1,paraoka feat. haru*nya - Tyranny,,,,,,,,,,NM2,Various Artists - Ms. VICTORIA,,,,,,,,,,NM3,steelplus - Skywired Beatscape,,,,,,,,,,NM4,HAKUSHI HASEGAWA - Desert,,,,,,,,,,NM5,momone chinoi - DENNO MIENMIEN MAO,,,,,,,,,,HD1,DJ SHARPNEL - STRANGEPROGRAM,,,,,,,,,,HD2,Mili - Peach Pit and Cyanide,,,,,,,,,,HD3,qfeileadh feat. Risa Kodaka - Tendou Musou no Homura,,,,,,,,,,HR1,AZKi - Fake.Fake.Fake,,,,,,,,,,HR2,maki - stairway to the universe,,,,,,,,,,HR3,utzbo - Kagenui,,,,,,,,,,DT1,SB_YUNE - Dread of the grave -more fear-,,,,,,,,,,DT2,gmtn. (witch's slave) - Daraku no Sono,,,,,,,,,,DT3,paraoka - Dreadnought,,,,,,,,,,DT4,Telepopmusik - Breathe,,,,,,,,,,FM1,Hotori Misaki (CV: Koharu Nagi) - Wakuwaku Tabemono Land,,,,,,,,,,FM2,DJ Sharpnel - Entangle Night,,,,,,,,,,FM3,femtanyl - GIRL HELL 1999 (bye2 Remix),,,,,,,,,,FM4,"Kairiki bear feat. GUMI, Kagamine Rin - Inai Inai Izonshou",,,,,,,,,,TB,ELFENSJoN - Hexen Noir,,,,,,,
,,,,,,,,,,,,,,,,,,,,,,,,,,,,,,,,,,,,,,,,,,,,,,,,,,,,,,,,,,,,,,,,,,,,,,,,,,,,,,,,,,,,,,,,,,,,,,,,,,,,,,,,,,,,,,,,,,,,,,,,,,,,,,,,,,,,,,,,,,,,,,,,,,,,,,,,,,,,,,,,,,,,,,,,,,,,,,,,,,,,,,,,,,,,,,,,,,,,,,,,,,,,,,,,,,,,,,,,,,,
,,#,,,player,mods,,score ▼,acc,vs,,,#,,,player,mods,,score ▼,acc,vs,,,#,,,player,mods,,score ▼,acc,vs,,,#,,,player,mods,,score ▼,acc,vs,,,#,,,player,mods,,score ▼,acc,vs,,,#,,,player,mods,,score ▼,acc,vs,,,#,,,player,mods,,score ▼,acc,vs,,,#,,,player,mods,,score ▼,acc,vs,,,#,,,player,mods,,score ▼,acc,vs,,,#,,,player,mods,,score ▼,acc,vs,,,#,,,player,mods,,score ▼,acc,vs,,,#,,,player,mods,,score ▼,acc,vs,,,#,,,player,mods,,score ▼,acc,vs,,,#,,,player,mods,,score ▼,acc,vs,,,#,,,player,mods,,score ▼,acc,vs,,,#,,,player,mods,,score ▼,acc,vs,,,#,,,player,mods,,score ▼,acc,vs,,,#,,,player,mods,,score ▼,acc,vs,,,#,,,player,mods,,score ▼,acc,vs,,,#,,,player,mods,,score ▼,acc,vs
,,,,,,,,,,,,,,,,,,,,,,,,,,,,,,,,,,,,,,,,,,,,,,,,,,,,,,,,,,,,,,,,,,,,,,,,,,,,,,,,,,,,,,,,,,,,,,,,,,,,,,,,,,,,,,,,,,,,,,,,,,,,,,,,,,,,,,,,,,,,,,,,,,,,,,,,,,,,,,,,,,,,,,,,,,,,,,,,,,,,,,,,,,,,,,,,,,,,,,,,,,,,,,,,,,,,,,,,,,,
,,#1,DE:,,criller,,S,"1,000,046",99.77%,NZ,,,#1,RU:,,gamer228666,,A,"844,362",98.83%,KR,,,#1,DE:,,criller,,A,"860,368",97.97%,NZ,,,#1,PL:,,MALISZEWSKI,,S,"982,152",99.56%,CA,,,#1,KR:,,LATAJACYTUNCZYK,,S,"879,838",96.37%,NO,,,#1,CA:,,xootynator,,A,"724,228",98.89%,PL,,,#1,US:,,BoshyMan741,, S ,"991,013",98.15%,AU,,,#1,KR:,,Allegrissimo,, S ,"966,979",97.27%,NO,,,#1,DE:,,criller,,A,"875,195",99.03%,CL,,,#1,KR:,,[Karcher],,A,"827,284",99.23%,RU,,,#1,KR:,,LATAJACYTUNCZYK,,S,"740,692",97.83%,RU,,,#1,US:,,tekkito,,S,"1,222,835",99.42%,AU,,,#1,AU:,,cloppit,,A,"949,707",97.03%,US,,,#1,KR:,,LATAJACYTUNCZYK,,S,"1,049,272",96.14%,NO,,,#1,RU:,,Lexu2S,,A,"552,665",96.33%,GB,,,#1,AU:,,ASecretBox,HD,A,"1,008,129",99.06%,US,,,#1,NZ:,,Saiyku,HR,S,"973,636",96.63%,DE,,,#1,PL:,,MALISZEWSKI,HR,S,"1,063,393",98.90%,CA,,,#1,DE:,,okinamo,HD,A,"831,658",97.68%,NZ,,,,,,,,,,,
,,#2,KR:,,LATAJACYTUNCZYK,,A,"849,640",99.39%,RU,,,#2,KR:,,Amamya Kokoro,,A,"686,650",98.76%,RU,,,#2,NZ:,,Saiyku,,A,"834,175",96.69%,CN,,,#2,DE:,,criller,,A,"854,362",98.75%,NZ,,,#2,NO:,,NINERIK,,S,"564,900",96.57%,KR,,,#2,PL:,,MALISZEWSKI,,A,"642,761",99.44%,CA,,,#2,US:,,EthantrixV3,, S ,"885,926",94.77%,AU,,,#2,CN:,,lolol235,,A,"675,557",95.30%,NZ,,,#2,CA:,,xootynator,,A,"734,596",99.68%,PL,,,#2,NZ:,,Saiyku,,A,"682,606",98.39%,DE,,,#2,RU:,,Lexu2S,,A,"594,327",96.12%,KR,,,#2,NO:,,papercandle,,S,"1,201,216",98.80%,KR,,,#2,US:,,tekkito,,A,"868,157",97.78%,AU,,,#2,KR:,,Suyong_,,S,"1,038,278",95.70%,NO,,,#2,RU:,,Welter,,A,"538,293",97.14%,GB,,,#2,KR:,,Chipori,NM,S,"979,814",99.45%,RU,,,#2,NZ:,,Kyujin,NM,S,"971,662",99.21%,DE,,,#2,US:,,EthantrixV3,HD, S ,"1,016,006",98.80%,AU,,,#2,NZ:,,ozbert,HD,A,"727,520",96.33%,DE,,,,,,,,,,,
,,#3,NZ:,,Kyujin,,A,"743,885",98.09%,DE,,,#3,KR:,,[Karcher],,A,"659,476",99.44%,RU,,,#3,DE:,,Denzel Curry,,A,"729,416",97.89%,NZ,,,#3,NZ:,,Saiyku,,S,"839,426",98.73%,DE,,,#3,PL:,,hav,,A,"562,722",98.94%,CA,,,#3,KR:,,LATAJACYTUNCZYK,,A,"636,705",98.82%,RU,,,#3,AU:,,mrekk,,A,"574,505",96.70%,US,,,#3,NO:,,Melvr,,A,"668,658",95.69%,KR,,,#3,DE:,,criller,,A,"685,407",98.97%,NZ,,,#3,KR:,,LATAJACYTUNCZYK,,A,"675,327",98.86%,RU,,,#3,KR:,,Amamya Kokoro,,A,"584,184",96.12%,NO,,,#3,PL:,,MALISZEWSKI,,S,"1,194,957",98.48%,CA,,,#3,US:,,rektygon,,A,"798,542",95.80%,AU,,,#3,NO:,,NINERIK,,A,"995,477",95.70%,KR,,,#3,GB:,,Bubbleman,,A,"451,862",95.48%,RU,,,#3,US:,,WindowLife,NM,S,"974,313",99.29%,AU,,,#3,DE:,,okinamo,HD, S ,"968,884",97.41%,NZ,,,#3,US:,,rektygon,HR,S,"916,245",98.18%,AU,,,#3,CL:,,Intercambing,NM,A,"663,953",98.34%,DE,,,,,,,,,,,
,,#4,GB:,,Plasma,,A,"740,957",98.88%,RU,,,#4,RU:,,Welter,,A,"591,852",98.25%,KR,,,#4,US:,,WindowLife,,A,"650,771",98.84%,AU,,,#4,NZ:,,Saiyku,,S,"822,093",98.24%,CN,,,#4,PL:,,evil grape,,A,"526,196",95.79%,CA,,,#4,KR:,,LATAJACYTUNCZYK,,A,"604,200",98.48%,NO,,,#4,US:,,[C],,A,"567,503",98.23%,AU,,,#4,GB:,,skia1,,A,"655,018",96.79%,RU,,,#4,DE:,,Fleh,,A,"590,904",97.21%,CL,,,#4,NZ:,,Saiyku,,A,"649,576",98.50%,CN,,,#4,RU:,,desuqe,,A,"570,065",96.72%,KR,,,#4,DE:,,Tim Kackner,,S,"1,188,992",98.40%,NZ,,,#4,AU:,,mrekk,,A,"760,268",96.57%,US,,,#4,KR:,,Allegrissimo,,A,"979,057",94.24%,NO,,,#4,GB:,,fudge,,A,"440,454",95.81%,RU,,,#4,CN:,,lolol235,NM,S,"962,593",98.96%,NZ,,,#4,NZ:,,Kyujin,NM,S,"964,392",99.02%,CN,,,#4,GB:,,skia1,HDHR,A,"787,318",96.36%,RU,,,#4,DE:,,criller,NM,A,"636,169",99.35%,CL,,,,,,,,,,,
,,#5,KR:,,[Karcher],,A,"628,137",99.32%,RU,,,#5,KR:,,Suyong_,,A,"550,310",96.31%,RU,,,#5,NZ:,,Kyujin,,A,"632,988",97.41%,DE,,,#5,NZ:,,Kyujin,,A,"795,256",98.02%,CN,,,#5,PL:,,milosz,,A,"505,017",93.70%,CA,,,#5,NZ:,,Saiyku,,A,"579,278",97.64%,CN,,,#5,AU:,,ASecretBox,,A,"436,932",94.41%,US,,,#5,KR:,,[Karcher],,A,"643,167",95.36%,NO,,,#5,DE:,,Tim Kackner,,A,"567,798",98.78%,NZ,,,#5,RU:,,desuqe,,A,"625,509",97.46%,KR,,,#5,KR:,,[Karcher],,A,"548,696",97.11%,NO,,,#5,AU:,,mrekk,,S,"1,160,883",97.53%,US,,,#5,GB:,,Accolibed,,A,"728,111",97.98%,RU,,,#5,DE:,,aimbotcone,,S,"964,327",93.44%,CL,,,#5,RU:,,gamer228666,,A,"426,576",93.83%,GB,,,#5,NZ:,,Kyujin,NM,A,"866,278",99.23%,DE,,,#5,CN:,,lolol233,HR,S,"917,346",94.84%,NZ,,,#5,GB:,,Bubbleman,NM,A,"753,471",98.28%,RU,,,#5,CL:,,alfiu,NM,A,"556,668",97.53%,DE,,,,,,,,,,,
,,#6,GB:,,Mahmood,,A,"626,880",99.22%,RU,,,#6,RU:,,desuqe,,A,"509,852",97.15%,KR,,,#6,KR:,,Amamya Kokoro,,A,"626,740",99.03%,RU,,,#6,CN:,,lolol233,,A,"673,943",98.45%,NZ,,,#6,PL:,,MALISZEWSKI,,A,"485,966",97.50%,CA,,,#6,KR:,,[Karcher],,A,"534,081",98.70%,RU,,,#6,AU:,,palr,,A,"419,632",97.00%,US,,,#6,CN:,,lolol233,,A,"565,006",97.16%,NZ,,,#6,DE:,,Tim Kackner,,A,"547,080",98.87%,CL,,,#6,DE:,,criller,,A,"562,588",98.96%,CL,,,#6,KR:,,Amamya Kokoro,,A,"527,897",96.94%,RU,,,#6,NZ:,,Saiyku,,S,"1,158,758",97.24%,DE,,,#6,PL:,,szedis,,A,"715,151",95.98%,CA,,,#6,NZ:,,HaSappy,,A,"951,045",94.19%,CN,,,#6,RU:,,desuqe,,A,"360,722",93.31%,GB,,,#6,US:,,decaten,HR,A,"719,671",97.98%,AU,,,#6,CN:,,pr1mary,NM,S,"859,299",95.76%,NZ,,,#6,AU:,,ASecretBox,HR,A,"732,754",97.70%,US,,,#6,DE:,,criller,NM,A,"496,711",98.00%,NZ,,,,,,,,,,,
,,#7,RU:,,Welter,,A,"603,041",98.76%,KR,,,#7,RU:,,Lexu2S,,A,"484,406",96.83%,KR,,,#7,CL:,,Intercambing,,A,"608,896",98.65%,DE,,,#7,PL:,,evil grape,,A,"666,104",96.82%,CA,,,#7,KR:,,Amamya Kokoro,,A,"447,025",95.81%,NO,,,#7,PL:,,gnahus,,A,"523,878",97.74%,CA,,,#7,AU:,,Xaver,,A,"376,235",95.56%,US,,,#7,GB:,,fudge,,A,"555,748",96.34%,RU,,,#7,CL:,,Intercambing,,A,"543,518",99.56%,DE,,,#7,CN:,,lolol233,,A,"553,973",98.64%,NZ,,,#7,NO:,,papercandle,,A,"497,406",95.39%,KR,,,#7,DE:,,criller,,A,"1,046,436",97.04%,CL,,,#7,US:,,Pezz,,A,"706,811",94.87%,AU,,,#7,CN:,,Ledeau_Fox,,B,"917,116",93.22%,NZ,,,#7,GB:,,Mahmood,,B,"295,338",90.69%,RU,,,#7,US:,,tekkito,HD,A,"703,502",99.23%,AU,,,#7,NZ:,,HaSappy,NM,A,"776,149",92.60%,CN,,,#7,AU:,,mrekk,HDHR,A,"724,432",97.81%,US,,,#7,NZ:,,5aiyku,NM,A,"451,017",98.41%,DE,,,,,,,,,,,
,,#8,DE:,,Fleh,,A,"580,265",98.79%,CL,,,#8,KR:,,Allegrissimo,,A,"345,570",95.93%,RU,,,#8,US:,,EthantrixV3,,S,"598,834",95.96%,AU,,,#8,CA:,,yip,,S,"648,853",98.73%,PL,,,#8,CA:,,yip,,A,"431,641",94.88%,PL,,,#8,RU:,,Welter,,A,"522,144",98.89%,GB,,,#8,US:,,tekkito,,A,"359,735",96.92%,AU,,,#8,RU:,,Lexu2S,,A,"525,657",95.76%,GB,,,#8,CA:,,nujabes,,A,"541,810",98.79%,PL,,,#8,DE:,,Denzel Curry,,A,"520,202",98.18%,NZ,,,#8,NZ:,,Saiyku,,A,"488,750",96.70%,DE,,,#8,RU:,,Lexu2S,,A,"1,045,123",97.79%,GB,,,#8,RU:,,maxim,,A,"657,818",97.78%,GB,,,#8,NO:,,Pinguinzi,,B,"909,091",92.86%,KR,,,#8,GB:,,MALTESER,,A,"263,695",93.52%,RU,,,#8,RU:,,desuqe,HD,A,"631,360",98.75%,GB,,,#8,NZ:,,HaSappy,NM,A,"775,683",92.45%,DE,,,#8,US:,,decaten,HR,A,"598,935",98.45%,AU,,,#8,NZ:,,Saiyku,HR,A,"437,088",96.26%,DE,,,,,,,,,,,
,,#9,DE:,,Denzel Curry,,A,"540,394",99.10%,CL,,,,,,,,,,,,,,#9,AU:,,ASecretBox,,A,"587,120",97.78%,US,,,#9,DE:,,criller,,A,"637,858",98.88%,CL,,,#9,KR:,,Allegrissimo,,A,"394,244",94.81%,NO,,,#9,KR:,,[Karcher],,A,"518,523",98.72%,NO,,,,,,,,,,,,,,#9,NO:,,antonyw,,A,"522,335",94.87%,KR,,,#9,NZ:,,ozbert,,A,"520,520",97.88%,DE,,,#9,RU:,,Welter,,A,"512,985",98.43%,KR,,,#9,DE:,,criller,,A,"463,733",96.38%,NZ,,,#9,NZ:,,Kyujin,,S,"1,043,764",98.75%,DE,,,#9,PL:,,Rafis,,A,"653,946",97.10%,CA,,,#9,DE:,,Denzel Curry,,S,"818,956",96.74%,CL,,,,,,,,,,,,,,#9,AU:,,mrekk,NM,A,"596,838",98.87%,US,,,#9,NZ:,,Saiyku,HR,A,"738,249",96.02%,CN,,,#9,AU:,,cloppit,HR,A,"510,573",97.87%,US,,,#9,NZ:,,Kyujin,NM,A,"418,145",95.96%,DE,,,,,,,,,,,
,,#10,DE:,,Denzel Curry,,A,"534,282",99.13%,NZ,,,,,,,,,,,,,,#10,US:,,rektygon,,A,"572,385",97.16%,AU,,,#10,CL:,,alfiu,,S,"619,750",98.78%,DE,,,#10,CA:,,steamhappy,,A,"364,891",97.01%,PL,,,#10,KR:,,Nopekjk,,A,"499,281",96.91%,NO,,,,,,,,,,,,,,#10,KR:,,LATAJACYTUNCZYK,,A,"506,209",96.13%,NO,,,#10,DE:,,Denzel Curry,,A,"510,358",99.08%,CL,,,#10,DE:,,criller,,A,"496,364",98.48%,NZ,,,#10,KR:,,LATAJACYTUNCZYK,,A,"449,779",97.42%,NO,,,#10,GB:,,Accolibed,,A,"1,011,231",97.27%,RU,,,#10,PL:,,MALISZEWSKI,,B,"617,244",92.63%,CA,,,#10,NO:,,papercandle,,A,"694,382",95.46%,KR,,,,,,,,,,,,,,#10,CN:,,lolol233,HR,A,"560,099",98.93%,NZ,,,#10,DE:,,aimbotcone,HR,A,"682,605",98.67%,NZ,,,#10,CA:,,xootynator,HDHR,A,"505,534",96.89%,PL,,,#10,DE:,,ZeitFrost,HR,A,"383,376",94.19%,NZ,,,,,,,,,,,
,,#11,KR:,,Amamya Kokoro,,A,"528,180",99.39%,RU,,,,,,,,,,,,,,#11,NZ:,,Kyujin,,A,"558,125",97.83%,CN,,,#11,CN:,,Crystal,,A,"611,999",98.39%,NZ,,,#11,KR:,,Nopekjk,,A,"357,562",95.66%,NO,,,#11,CN:,,lolol233,,A,"478,997",98.84%,NZ,,,,,,,,,,,,,,#11,NZ:,,5aiyku,,A,"460,262",94.99%,CN,,,#11,PL:,,MALISZEWSKI,,A,"503,108",98.79%,CA,,,#11,NZ:,,Kyujin,,A,"493,250",98.23%,DE,,,#11,KR:,,[Karcher],,A,"443,499",96.77%,RU,,,#11,US:,,rektygon,,A,"976,449",98.86%,AU,,,#11,AU:,,aknzx,,S,"617,016",95.95%,US,,,#11,CL:,,Gonzah,,A,"666,220",97.11%,DE,,,,,,,,,,,,,,#11,US:,,rektygon,HR,A,"551,702",98.77%,AU,,,#11,NZ:,,ozbert,HD,A,"637,503",93.58%,DE,,,#11,RU:,,Skrowell,NM,A,"490,044",98.17%,GB,,,#11,DE:,,okinamo,HD,A,"363,124",97.12%,CL,,,,,,,,,,,
,,#12,DE:,,criller,,A,"520,346",99.04%,CL,,,,,,,,,,,,,,#12,CL:,,alfiu,,A,"547,093",96.60%,DE,,,#12,DE:,,Denzel Curry,,A,"598,515",98.06%,NZ,,,#12,CA:,,Wanderio,,A,"356,826",95.54%,PL,,,#12,NZ:,,Kyujin,,A,"465,874",97.70%,CN,,,,,,,,,,,,,,#12,GB:,,Plasma,,B,"448,052",92.65%,RU,,,#12,PL:,,Kosiarek,,A,"494,900",97.98%,CA,,,#12,NO:,,NINERIK,,A,"485,844",99.09%,KR,,,#12,NO:,,NINERIK,,A,"438,333",97.52%,KR,,,#12,US:,,Pezz,,A,"974,409",98.79%,AU,,,#12,PL:,,milosz,,S,"616,879",96.77%,CA,,,#12,CN:,,lolol233,,A,"648,999",93.85%,NZ,,,,,,,,,,,,,,#12,NZ:,,ozbert,HD,A,"542,818",97.99%,CN,,,#12,DE:,,Fleh,NM,A,"621,120",92.10%,NZ,,,#12,PL:,,gnahus,HDHR,A,"475,464",96.23%,CA,,,#12,CL:,,Hanayume,HR,A,"352,381",95.87%,DE,,,,,,,,,,,
,,#13,GB:,,Bubbleman,,A,"506,645",98.65%,RU,,,,,,,,,,,,,,#13,RU:,,desuqe,,A,"538,382",95.86%,GB,,,#13,NZ:,,Kyujin,,A,"589,146",98.42%,DE,,,#13,NO:,,Melvr,,B,"348,754",92.51%,KR,,,#13,KR:,,Amamya Kokoro,,A,"464,238",99.22%,RU,,,,,,,,,,,,,,#13,NZ:,,Kyujin,, S ,"438,578",95.22%,CN,,,#13,PL:,,milosz,,A,"491,989",99.21%,CA,,,#13,KR:,,MYKEYBOARD,,A,"480,414",97.16%,RU,,,#13,KR:,,Allegrissimo,,A,"433,093",95.59%,RU,,,#13,DE:,,criller,,A,"933,722",98.99%,NZ,,,#13,US:,,WindowLife,,A,"581,875",98.15%,AU,,,#13,NZ:,,ozbert,,S,"627,505",94.22%,CN,,,,,,,,,,,,,,#13,DE:,,Denzel Curry,NM,A,"540,474",99.09%,NZ,,,#13,CN:,,Ledeau_Fox,HD,B,"473,004",88.96%,NZ,,,#13,GB:,,Plasma,HD,A,"475,422",96.69%,RU,,,#13,CL:,,NO37,HD,A,"342,824",95.33%,DE,,,,,,,,,,,
,,#14,CL:,,alfiu,,A,"501,756",99.51%,DE,,,,,,,,,,,,,,#14,AU:,,aknzx,,A,"531,211",97.08%,US,,,#14,CA:,,Zylice,,A,"583,932",96.86%,PL,,,#14,CA:,,Zylice,,A,"292,374",93.49%,PL,,,#14,CN:,,Ledeau_Fox,,A,"445,268",96.84%,NZ,,,,,,,,,,,,,,#14,CN:,,Crystal,,A,"429,105",94.91%,NZ,,,#14,NZ:,,Saiyku,,A,"483,209",99.33%,DE,,,#14,KR:,,Amamya Kokoro,,A,"478,339",98.14%,NO,,,#14,NZ:,,Kyujin,,A,"409,105",94.11%,DE,,,#14,AU:,,ASecretBox,,A,"927,733",97.89%,US,,,#14,CA:,,Zylice,,A,"568,069",97.29%,PL,,,#14,DE:,,criller,,A,"618,320",94.02%,CL,,,,,,,,,,,,,,#14,NZ:,,Saiyku,HR,A,"539,984",98.52%,CN,,,#14,CN:,,z980838928,NM,C,"359,819",84.85%,NZ,,,#14,PL:,,evil grape,HD,A,"475,220",95.96%,CA,,,#14,DE:,,ZeitFrost,NM,A,"338,350",95.63%,CL,,,,,,,,,,,
,,#15,RU:,,Lexu2S,,A,"493,765",99.03%,KR,,,,,,,,,,,,,,#15,DE:,,criller,,A,"529,504",98.55%,CL,,,#15,CN:,,lolol235,,A,"583,903",98.02%,NZ,,,#15,NO:,,YokesPai,,B,"269,899",90.96%,KR,,,#15,KR:,,Nopekjk,,A,"439,005",98.27%,RU,,,,,,,,,,,,,,#15,RU:,,BJIADOC,,A,"425,910",94.99%,GB,,,#15,NZ:,,Kyujin,,A,"464,501",97.89%,DE,,,#15,DE:,,Denzel Curry,,A,"470,607",97.55%,CL,,,#15,DE:,,Denzel Curry,,A,"378,425",95.71%,NZ,,,#15,DE:,,Fleh,,A,"912,298",97.97%,NZ,,,#15,RU:,,Hober38,,B,"497,726",90.94%,GB,,,#15,NZ:,,Kyujin,,A,"591,084",93.29%,CN,,,,,,,,,,,,,,#15,GB:,,fudge,NM,A,"535,924",98.48%,RU,,,#15,DE:,,Denzel Curry,NM,B,"356,329",90.49%,NZ,,,#15,PL:,,milosz,HR,A,"463,537",97.16%,CA,,,#15,DE:,,Denzel Curry,NM,A,"329,284",96.09%,NZ,,,,,,,,,,,
,,#16,NZ:,,5aiyku,,A,"491,057",99.24%,DE,,,,,,,,,,,,,,#16,US:,,decaten,,A,"524,680",98.53%,AU,,,#16,DE:,,ZeitFrost,,A,"470,119",96.78%,CL,,,#16,NO:,,FRODO,,A,"231,292",92.78%,KR,,,#16,RU:,,BJIADOC,,A,"431,595",98.20%,GB,,,,,,,,,,,,,,#16,CN:,,Ledeau_Fox,,A,"403,163",95.36%,NZ,,,#16,CL:,,siiphs,,A,"463,590",98.91%,DE,,,#16,CL:,,Hanayume,,A,"458,180",97.28%,DE,,,#16,RU:,,Welter,,A,"375,786",96.55%,KR,,,#16,NO:,,NINERIK,,A,"908,601",98.89%,KR,,,#16,CA:,,SparklyFairy200,,A,"480,501",94.28%,PL,,,#16,KR:,,[Karcher],,A,"589,410",96.45%,NO,,,,,,,,,,,,,,#16,DE:,,criller,NM,A,"524,480",99.35%,NZ,,,#16,NZ:,,ozbert,HD,B,"288,541",91.02%,CN,,,#16,RU:,,desuqe,HD,A,"444,325",96.45%,GB,,,#16,DE:,,Tim Kackner,HR,B,"246,358",90.87%,CL,,,,,,,,,,,
,,#17,CL:,,siiphs,,A,"488,806",97.61%,DE,,,,,,,,,,,,,,#17,RU:,,desuqe,,A,"517,039",96.69%,KR,,,#17,NZ:,,5aiyku,,A,"457,831",97.54%,DE,,,,,,,,,,,,,,#17,GB:,,Plasma,,A,"426,933",97.87%,RU,,,,,,,,,,,,,,#17,GB:,,lystia,,A,"402,885",93.19%,RU,,,#17,PL:,,gnahus,,A,"442,010",98.73%,CA,,,#17,NO:,,Melvr,,A,"458,064",98.23%,KR,,,#17,KR:,,Chipori,,A,"348,105",94.81%,NO,,,#17,KR:,,LATAJACYTUNCZYK,,A,"871,645",98.05%,NO,,,#17,AU:,,SUPERI0R,,A,"475,993",96.92%,US,,,#17,DE:,,Fleh,,B,"512,302",91.98%,CL,,,,,,,,,,,,,,#17,NZ:,,5aiyku,NM,A,"515,333",98.89%,DE,,,,,,,,,,,,,,#17,US:,,Pezz,NM,A,"435,744",98.73%,AU,,,,,,,,,,,,,,,,,,,,,,
,,#18,RU:,,BJIADOC,,A,"477,857",98.21%,GB,,,,,,,,,,,,,,#18,KR:,,LATAJACYTUNCZYK,,A,"515,407",98.59%,RU,,,#18,NZ:,,ozbert,,A,"441,668",95.50%,DE,,,,,,,,,,,,,,#18,RU:,,desuqe,,A,"423,956",98.20%,KR,,,,,,,,,,,,,,#18,RU:,,desuqe,,A,"391,309",94.66%,GB,,,#18,CL:,,Hanayume,,A,"417,576",97.72%,DE,,,#18,NZ:,,5aiyku,,A,"457,972",98.55%,DE,,,#18,DE:,,Tim Kackner,,A,"344,094",93.54%,NZ,,,#18,KR:,,[Karcher],,A,"863,546",97.69%,NO,,,#18,GB:,,MALTESER,,A,"470,764",95.71%,RU,,,#18,NZ:,,Saiyku,,B,"491,656",92.35%,CN,,,,,,,,,,,,,,#18,AU:,,Xaver,NM,A,"514,172",97.94%,US,,,,,,,,,,,,,,#18,GB:,,Mahmood,HR,A,"429,503",93.51%,RU,,,,,,,,,,,,,,,,,,,,,,
,,#19,RU:,,Welter,,A,"471,802",98.97%,GB,,,,,,,,,,,,,,#19,CN:,,Crystal,,A,"510,446",96.17%,NZ,,,#19,CL:,,Intercambing,,A,"441,547",98.34%,DE,,,,,,,,,,,,,,#19,NZ:,,ozbert,,A,"422,681",95.30%,CN,,,,,,,,,,,,,,#19,KR:,,Nopekjk,,A,"370,236",95.69%,NO,,,#19,CL:,,alfiu,,A,"414,457",98.02%,DE,,,#19,KR:,,Allegrissimo,,A,"456,748",98.14%,NO,,,#19,NO:,,Melvr,,A,"339,404",94.09%,KR,,,#19,CN:,,lolol233,,A,"852,379",98.28%,NZ,,,#19,RU:,,Lexu2S,,A,"461,017",93.36%,GB,,,#19,CL:,,xXChokgamerXx,,A,"488,258",95.21%,DE,,,,,,,,,,,,,,#19,NZ:,,Saiyku,HR,A,"507,552",99.35%,DE,,,,,,,,,,,,,,#19,CA:,,yip,NM,A,"415,829",98.06%,PL,,,,,,,,,,,,,,,,,,,,,,
,,#20,GB:,,Accolibed,,A,"456,946",99.15%,RU,,,,,,,,,,,,,,#20,RU:,,Welter,,A,"487,968",98.14%,KR,,,#20,PL:,,Kosiarek,,A,"439,319",98.02%,CA,,,,,,,,,,,,,,#20,RU:,,BJIADOC,,A,"417,679",97.87%,KR,,,,,,,,,,,,,,#20,NZ:,,ozbert,,B,"365,075",90.14%,CN,,,#20,CA:,,Zylice,,A,"396,474",97.99%,PL,,,#20,CL:,,siiphs,,A,"454,946",98.43%,DE,,,#20,NO:,,antonyw,,A,"333,944",94.62%,KR,,,#20,CA:,,Zylice,,A,"849,489",96.85%,PL,,,#20,RU:,,Welter,,A,"433,898",94.65%,GB,,,#20,CN:,,Crystal,,B,"439,435",90.91%,NZ,,,,,,,,,,,,,,#20,RU:,,Welter,NM,A,"506,086",99.06%,KR,,,,,,,,,,,,,,#20,RU:,,Welter,HR,A,"394,368",96.56%,GB,,,,,,,,,,,,,,,,,,,,,,
,,#21,NZ:,,Saiyku,,A,"443,210",98.66%,DE,,,,,,,,,,,,,,#21,CN:,,lolol235,,A,"473,043",97.60%,NZ,,,#21,NZ:,,5aiyku,,A,"419,907",97.41%,CN,,,,,,,,,,,,,,#21,PL:,,Kosiarek,,A,"416,063",97.80%,CA,,,,,,,,,,,,,,#21,RU:,,Skrowell,,A,"352,007",95.55%,GB,,,#21,DE:,,Denzel Curry,,A,"380,790",98.39%,NZ,,,#21,KR:,,MYKEYBOARD,,A,"450,285",95.80%,NO,,,#21,RU:,,gamer228666,,B,"294,743",92.40%,KR,,,#21,DE:,,Fleh,,A,"828,212",97.55%,CL,,,#21,GB:,,Bubbleman,,A,"385,940",94.04%,RU,,,#21,CN:,,lolol235,,B,"435,929",92.06%,NZ,,,,,,,,,,,,,,#21,KR:,,LATAJACYTUNCZYK,HD,A,"499,817",98.37%,RU,,,,,,,,,,,,,,#21,AU:,,palr,HD,A,"389,381",97.36%,US,,,,,,,,,,,,,,,,,,,,,,
,,#22,KR:,,MYKEYBOARD,,A,"427,538",97.67%,RU,,,,,,,,,,,,,,#22,KR:,,Nopekjk,,A,"470,279",97.95%,RU,,,#22,DE:,,ZeitFrost,,A,"408,580",97.71%,NZ,,,,,,,,,,,,,,#22,CA:,,Zylice,,A,"408,350",98.29%,PL,,,,,,,,,,,,,,#22,NO:,,NINERIK,,A,"318,357",93.60%,KR,,,#22,NZ:,,5aiyku,,A,"370,414",98.20%,DE,,,#22,KR:,,Suyong_,,A,"442,451",97.77%,RU,,,#22,DE:,,ZeitFrost,,A,"291,585",94.28%,NZ,,,#22,AU:,,cloppit,,A,"821,457",98.17%,US,,,#22,CA:,,nujabes,,B,"359,885",89.95%,PL,,,#22,CL:,,Intercambing,,A,"430,432",94.41%,DE,,,,,,,,,,,,,,#22,RU:,,Welter,NM,A,"497,608",98.55%,GB,,,,,,,,,,,,,,#22,CA:,,Zylice,HD,A,"387,026",96.96%,PL,,,,,,,,,,,,,,,,,,,,,,
,,#23,DE:,,Tim Kackner,,A,"426,120",98.90%,NZ,,,,,,,,,,,,,,#23,CN:,,lolol233,,A,"456,982",97.85%,NZ,,,#23,DE:,,Denzel Curry,,A,"401,060",97.61%,CL,,,,,,,,,,,,,,#23,KR:,,Amamya Kokoro,,A,"402,375",97.91%,NO,,,,,,,,,,,,,,#23,NZ:,,Saiyku,,B,"288,889",91.57%,CN,,,#23,DE:,,Fleh,,A,"362,344",96.34%,NZ,,,#23,RU:,,gamer228666,,A,"432,960",95.98%,KR,,,#23,NZ:,,5aiyku,,A,"267,637",92.52%,DE,,,#23,US:,,WindowLife,,A,"819,949",98.98%,AU,,,#23,CA:,,PinkEyeFan2013,,A,"337,578",95.10%,PL,,,#23,NO:,,HUNDUR,,A,"421,074",93.05%,KR,,,,,,,,,,,,,,#23,RU:,,gamer228666,NM,A,"480,902",99.09%,KR,,,,,,,,,,,,,,#23,CA:,,Wanderio,NM,A,"336,953",96.96%,PL,,,,,,,,,,,,,,,,,,,,,,
,,#24,DE:,,Fleh,,A,"418,576",97.95%,NZ,,,,,,,,,,,,,,#24,AU:,,cloppit,,A,"456,640",97.29%,US,,,#24,PL:,,milosz,,A,"398,699",97.38%,CA,,,,,,,,,,,,,,#24,CA:,,Wanderio,,A,"399,518",97.52%,PL,,,,,,,,,,,,,,#24,NO:,,YokesPai,,B,"263,796",88.99%,KR,,,#24,CA:,,Wanderio,,A,"347,255",97.44%,PL,,,#24,CN:,,Crystal,,A,"432,421",97.52%,NZ,,,#24,NZ:,,ozbert,,B,"225,457",90.16%,DE,,,#24,KR:,,Amamya Kokoro,,A,"805,943",98.09%,NO,,,#24,GB:,,skia1,,B,"167,389",86.96%,RU,,,#24,CL:,,alfiu,,B,"368,206",90.50%,DE,,,,,,,,,,,,,,#24,KR:,,Amamya Kokoro,NM,A,"478,009",99.20%,RU,,,,,,,,,,,,,,#24,RU:,,Lexu2S,NM,A,"323,103",96.00%,GB,,,,,,,,,,,,,,,,,,,,,,
,,#25,CL:,,Intercambing,,A,"415,304",98.40%,DE,,,,,,,,,,,,,,#25,AU:,,mrekk,,A,"451,350",97.68%,US,,,#25,CA:,,xootynator,,A,"390,150",97.28%,PL,,,,,,,,,,,,,,#25,GB:,,lystia,,A,"396,785",98.22%,RU,,,,,,,,,,,,,,,,,,,,,,,,,,,,,,,,,,,,#25,NO:,,Pinguinzi,,A,"431,695",97.03%,KR,,,,,,,,,,,,,,#25,RU:,,Welter,,A,"771,025",98.62%,GB,,,,,,,,,,,,,,,,,,,,,,,,,,,,,,,,,,,,#25,DE:,,okinamo,HD,A,"471,495",98.81%,NZ,,,,,,,,,,,,,,,,,,,,,,,,,,,,,,,,,,,,,,,,,,,,
,,#26,RU:,,BJIADOC,,A,"406,929",97.90%,KR,,,,,,,,,,,,,,#26,NZ:,,5aiyku,,A,"445,137",96.40%,CN,,,#26,CA:,,Wanderio,,A,"384,894",96.64%,PL,,,,,,,,,,,,,,#26,NO:,,NINERIK,,A,"393,567",98.33%,KR,,,,,,,,,,,,,,,,,,,,,,,,,,,,,,,,,,,,#26,NZ:,,ozbert,,A,"422,708",95.50%,CN,,,,,,,,,,,,,,#26,NO:,,Pinguinzi,,A,"765,378",98.01%,KR,,,,,,,,,,,,,,,,,,,,,,,,,,,,,,,,,,,,#26,NZ:,,Kyujin,NM,A,"471,165",99.11%,CN,,,,,,,,,,,,,,,,,,,,,,,,,,,,,,,,,,,,,,,,,,,,
,,#27,RU:,,Lexu2S,,A,"404,468",98.45%,GB,,,,,,,,,,,,,,#27,GB:,,Plasma,,A,"434,924",97.33%,RU,,,#27,CN:,,Moonlit111,,A,"384,220",97.95%,NZ,,,,,,,,,,,,,,#27,NZ:,,5aiyku,,A,"393,272",97.76%,CN,,,,,,,,,,,,,,,,,,,,,,,,,,,,,,,,,,,,#27,CN:,,lolol235,,A,"422,003",97.34%,NZ,,,,,,,,,,,,,,#27,NZ:,,Kyujin,,A,"761,646",97.02%,CN,,,,,,,,,,,,,,,,,,,,,,,,,,,,,,,,,,,,#27,RU:,,Lexu2S,HR,A,"463,208",98.47%,GB,,,,,,,,,,,,,,,,,,,,,,,,,,,,,,,,,,,,,,,,,,,,
,,#28,CL:,,Hanayume,,A,"403,784",97.80%,DE,,,,,,,,,,,,,,#28,RU:,,Skrowell,,A,"434,886",96.79%,KR,,,#28,CL:,,Gonzah,,A,"362,552",96.63%,DE,,,,,,,,,,,,,,#28,RU:,,desuqe,,A,"389,399",98.17%,GB,,,,,,,,,,,,,,,,,,,,,,,,,,,,,,,,,,,,#28,DE:,,Tim Kackner,,A,"411,461",98.43%,NZ,,,,,,,,,,,,,,#28,DE:,,Denzel Curry,,A,"751,416",98.03%,CL,,,,,,,,,,,,,,,,,,,,,,,,,,,,,,,,,,,,#28,DE:,,Fleh,HR,A,"454,987",97.11%,NZ,,,,,,,,,,,,,,,,,,,,,,,,,,,,,,,,,,,,,,,,,,,,
,,#29,RU:,,desuqe,,A,"399,226",99.10%,KR,,,,,,,,,,,,,,#29,RU:,,Welter,,A,"426,057",97.74%,GB,,,#29,CL:,,xXChokgamerXx,,A,"360,256",97.15%,DE,,,,,,,,,,,,,,#29,PL:,,milosz,,A,"378,610",98.16%,CA,,,,,,,,,,,,,,,,,,,,,,,,,,,,,,,,,,,,#29,KR:,,Suyong_,,A,"408,847",96.98%,NO,,,,,,,,,,,,,,#29,RU:,,gamer228666,,A,"732,410",97.56%,GB,,,,,,,,,,,,,,,,,,,,,,,,,,,,,,,,,,,,#29,KR:,,[Karcher],HR,A,"450,860",97.99%,RU,,,,,,,,,,,,,,,,,,,,,,,,,,,,,,,,,,,,,,,,,,,,
,,#30,RU:,,desuqe,,A,"395,422",98.66%,GB,,,,,,,,,,,,,,#30,RU:,,BJIADOC,,A,"422,903",96.60%,GB,,,#30,NZ:,,ozbert,,A,"332,721",94.96%,CN,,,,,,,,,,,,,,#30,CN:,,Crystal,,A,"375,887",98.13%,NZ,,,,,,,,,,,,,,,,,,,,,,,,,,,,,,,,,,,,#30,NO:,,papercandle,,A,"407,105",98.23%,KR,,,,,,,,,,,,,,#30,PL:,,milosz,,A,"706,878",98.68%,CA,,,,,,,,,,,,,,,,,,,,,,,,,,,,,,,,,,,,#30,RU:,,gamer228666,NM,A,"436,416",98.58%,GB,,,,,,,,,,,,,,,,,,,,,,,,,,,,,,,,,,,,,,,,,,,,
,,#31,DE:,,Tim Kackner,,A,"386,303",93.49%,CL,,,,,,,,,,,,,,#31,GB:,,lystia,,A,"422,233",96.21%,RU,,,#31,DE:,,Tim Kackner,,A,"327,651",95.96%,NZ,,,,,,,,,,,,,,#31,RU:,,gamer228666,,A,"372,605",97.44%,KR,,,,,,,,,,,,,,,,,,,,,,,,,,,,,,,,,,,,#31,CN:,,z980838928,,A,"406,658",97.50%,NZ,,,,,,,,,,,,,,#31,KR:,,Chipori,,A,"705,351",97.34%,NO,,,,,,,,,,,,,,,,,,,,,,,,,,,,,,,,,,,,#31,CN:,,Ledeau_Fox,HD,A,"431,039",96.89%,NZ,,,,,,,,,,,,,,,,,,,,,,,,,,,,,,,,,,,,,,,,,,,,
,,#32,NZ:,,ozbert,,A,"356,041",96.60%,DE,,,,,,,,,,,,,,#32,RU:,,BJIADOC,,A,"418,518",95.69%,KR,,,#32,DE:,,aimbotcone,,A,"301,809",95.95%,CL,,,,,,,,,,,,,,#32,CN:,,lolol235,,A,"371,899",98.27%,NZ,,,,,,,,,,,,,,,,,,,,,,,,,,,,,,,,,,,,#32,DE:,,ZeitFrost,,A,"396,647",95.50%,NZ,,,,,,,,,,,,,,#32,GB:,,MALTESER,,A,"703,693",98.51%,RU,,,,,,,,,,,,,,,,,,,,,,,,,,,,,,,,,,,,#32,CN:,,Crystal,NM,A,"415,353",98.23%,NZ,,,,,,,,,,,,,,,,,,,,,,,,,,,,,,,,,,,,,,,,,,,,
,,,,,,,,,,,,,,,,,,,,,,,,#33,GB:,,Bubbleman,,A,"415,845",97.20%,RU,,,,,,,,,,,,,,,,,,,,,,,,,#33,RU:,,Welter,,A,"368,636",98.23%,KR,,,,,,,,,,,,,,,,,,,,,,,,,,,,,,,,,,,,#33,RU:,,Lexu2S,,A,"392,392",97.64%,KR,,,,,,,,,,,,,,#33,GB:,,Bubbleman,,A,"691,585",97.89%,RU,,,,,,,,,,,,,,,,,,,,,,,,,,,,,,,,,,,,#33,GB:,,Plasma,HD,A,"413,644",98.19%,RU,,,,,,,,,,,,,,,,,,,,,,,,,,,,,,,,,,,,,,,,,,,,
,,,,,,,,,,,,,,,,,,,,,,,,#34,GB:,,skia1,,A,"408,601",96.79%,RU,,,,,,,,,,,,,,,,,,,,,,,,,#34,GB:,,fudge,,A,"352,005",98.30%,RU,,,,,,,,,,,,,,,,,,,,,,,,,,,,,,,,,,,,#34,NZ:,,Kyujin,,A,"376,068",97.77%,CN,,,,,,,,,,,,,,#34,GB:,,fudge,,A,"671,728",97.30%,RU,,,,,,,,,,,,,,,,,,,,,,,,,,,,,,,,,,,,#34,AU:,,aknzx,HR,A,"409,001",97.96%,US,,,,,,,,,,,,,,,,,,,,,,,,,,,,,,,,,,,,,,,,,,,,
,,,,,,,,,,,,,,,,,,,,,,,,#35,KR:,,Allegrissimo,,A,"394,938",97.83%,RU,,,,,,,,,,,,,,,,,,,,,,,,,#35,NO:,,Melvr,,A,"347,869",95.93%,KR,,,,,,,,,,,,,,,,,,,,,,,,,,,,,,,,,,,,#35,CL:,,xXChokgamerXx,,A,"373,799",96.30%,DE,,,,,,,,,,,,,,#35,CA:,,nujabes,,A,"659,058",97.38%,PL,,,,,,,,,,,,,,,,,,,,,,,,,,,,,,,,,,,,#35,GB:,,Accolibed,HR,A,"406,542",97.77%,RU,,,,,,,,,,,,,,,,,,,,,,,,,,,,,,,,,,,,,,,,,,,,
,,,,,,,,,,,,,,,,,,,,,,,,#36,RU:,,Skrowell,,A,"374,555",97.00%,GB,,,,,,,,,,,,,,,,,,,,,,,,,#36,CA:,,yip,,A,"334,361",97.37%,PL,,,,,,,,,,,,,,,,,,,,,,,,,,,,,,,,,,,,#36,CL:,,Intercambing,,A,"361,759",96.84%,DE,,,,,,,,,,,,,,#36,CA:,,xootynator,,A,"657,781",94.44%,PL,,,,,,,,,,,,,,,,,,,,,,,,,,,,,,,,,,,,#36,GB:,,Mahmood,NM,A,"374,183",97.67%,RU,,,,,,,,,,,,,,,,,,,,,,,,,,,,,,,,,,,,,,,,,,,,
,,,,,,,,,,,,,,,,,,,,,,,,#37,NZ:,,5aiyku,,A,"360,433",96.92%,DE,,,,,,,,,,,,,,,,,,,,,,,,,#37,NO:,,papercandle,,A,"321,508",95.46%,KR,,,,,,,,,,,,,,,,,,,,,,,,,,,,,,,,,,,,#37,DE:,,ZeitFrost,,A,"352,898",95.82%,CL,,,,,,,,,,,,,,#37,CA:,,PinkEyeFan2013,,A,"639,492",98.30%,PL,,,,,,,,,,,,,,,,,,,,,,,,,,,,,,,,,,,,#37,NZ:,,ozbert,HD,A,"373,542",96.31%,DE,,,,,,,,,,,,,,,,,,,,,,,,,,,,,,,,,,,,,,,,,,,,
,,,,,,,,,,,,,,,,,,,,,,,,#38,DE:,,ZeitFrost,,A,"359,467",95.96%,CL,,,,,,,,,,,,,,,,,,,,,,,,,#38,GB:,,skia1,,A,"312,291",96.13%,RU,,,,,,,,,,,,,,,,,,,,,,,,,,,,,,,,,,,,#38,NZ:,,5aiyku,,A,"347,718",96.84%,CN,,,,,,,,,,,,,,#38,NZ:,,ozbert,,A,"636,435",95.99%,DE,,,,,,,,,,,,,,,,,,,,,,,,,,,,,,,,,,,,#38,NZ:,,5aiyku,NM,A,"350,417",97.26%,CN,,,,,,,,,,,,,,,,,,,,,,,,,,,,,,,,,,,,,,,,,,,,
,,,,,,,,,,,,,,,,,,,,,,,,#39,NZ:,,Saiyku,,A,"353,378",96.25%,DE,,,,,,,,,,,,,,,,,,,,,,,,,#39,NO:,,YokesPai,,A,"305,996",94.96%,KR,,,,,,,,,,,,,,,,,,,,,,,,,,,,,,,,,,,,#39,NZ:,,ozbert,,A,"330,177",95.98%,DE,,,,,,,,,,,,,,#39,NZ:,,Saiyku,,A,"608,631",95.59%,CN,,,,,,,,,,,,,,,,,,,,,,,,,,,,,,,,,,,,#39,RU:,,Lexu2S,HR,A,"340,335",96.36%,KR,,,,,,,,,,,,,,,,,,,,,,,,,,,,,,,,,,,,,,,,,,,,
,,,,,,,,,,,,,,,,,,,,,,,,#40,DE:,,aimbotcone,,A,"352,959",95.61%,NZ,,,,,,,,,,,,,,,,,,,,,,,,,#40,RU:,,Lexu2S,,A,"276,131",95.99%,GB,,,,,,,,,,,,,,,,,,,,,,,,,,,,,,,,,,,,#40,DE:,,Fleh,,A,"300,526",94.07%,CL,,,,,,,,,,,,,,#40,AU:,,aknzx,,A,"605,308",97.34%,US,,,,,,,,,,,,,,,,,,,,,,,,,,,,,,,,,,,,#40,RU:,,desuqe,HD,A,"306,909",96.33%,KR,,,,,,,,,,,,,,,,,,,,,,,,,,,,,,,,,,,,,,,,,,,,
,,,,,,,,,,,,,,,,,,,,,,,,#41,DE:,,ZeitFrost,,A,"346,539",95.90%,NZ,,,,,,,,,,,,,,,,,,,,,,,,,,,,,,,,,,,,,,,,,,,,,,,,,,,,,,,,,,,,,,,,,,,,,,,,,,,,,,,,,,,,,,,,,,,#41,CL:,,Intercambing,,A,"572,317",97.31%,DE,,,,,,,,,,,,,,,,,,,,,,,,,,,,,,,,,,,,,,,,,,,,,,,,,,,,,,,,,,,,,,,,,,,,,,,,,,,,,,,,,,,,,,,,
,,,,,,,,,,,,,,,,,,,,,,,,#42,NZ:,,ozbert,,B,"313,444",92.90%,CN,,,,,,,,,,,,,,,,,,,,,,,,,,,,,,,,,,,,,,,,,,,,,,,,,,,,,,,,,,,,,,,,,,,,,,,,,,,,,,,,,,,,,,,,,,,#42,RU:,,desuqe,,A,"561,138",97.42%,GB,,,,,,,,,,,,,,,,,,,,,,,,,,,,,,,,,,,,,,,,,,,,,,,,,,,,,,,,,,,,,,,,,,,,,,,,,,,,,,,,,,,,,,,,
,,,,,,,,,,,,,,,,,,,,,,,,#43,DE:,,Denzel Curry,,A,"301,418",96.05%,CL,,,,,,,,,,,,,,,,,,,,,,,,,,,,,,,,,,,,,,,,,,,,,,,,,,,,,,,,,,,,,,,,,,,,,,,,,,,,,,,,,,,,,,,,,,,#43,DE:,,Denzel Curry,,A,"541,508",97.00%,NZ,,,,,,,,,,,,,,,,,,,,,,,,,,,,,,,,,,,,,,,,,,,,,,,,,,,,,,,,,,,,,,,,,,,,,,,,,,,,,,,,,,,,,,,,
,,,,,,,,,,,,,,,,,,,,,,,,#44,CL:,,xXChokgamerXx,,A,"292,545",95.94%,DE,,,,,,,,,,,,,,,,,,,,,,,,,,,,,,,,,,,,,,,,,,,,,,,,,,,,,,,,,,,,,,,,,,,,,,,,,,,,,,,,,,,,,,,,,,,#44,CN:,,pr1mary,,A,"509,086",96.46%,NZ,,,,,,,,,,,,,,,,,,,,,,,,,,,,,,,,,,,,,,,,,,,,,,,,,,,,,,,,,,,,,,,,,,,,,,,,,,,,,,,,,,,,,,,,
,,,,,,,,,,,,,,,,,,,,,,,,#45,DE:,,aimbotcone,,A,"269,798",94.62%,CL,,,,,,,,,,,,,,,,,,,,,,,,,,,,,,,,,,,,,,,,,,,,,,,,,,,,,,,,,,,,,,,,,,,,,,,,,,,,,,,,,,,,,,,,,,,#45,NZ:,,ozbert,,A,"500,270",94.71%,CN,,,,,,,,,,,,,,,,,,,,,,,,,,,,,,,,,,,,,,,,,,,,,,,,,,,,,,,,,,,,,,,,,,,,,,,,,,,,,,,,,,,,,,,,
,,,,,,,,,,,,,,,,,,,,,,,,#46,CN:,,lolol234,,B,"262,996",92.26%,NZ,,,,,,,,,,,,,,,,,,,,,,,,,,,,,,,,,,,,,,,,,,,,,,,,,,,,,,,,,,,,,,,,,,,,,,,,,,,,,,,,,,,,,,,,,,,#46,CN:,,lolol235,,A,"499,656",95.79%,NZ,,,,,,,,,,,,,,,,,,,,,,,,,,,,,,,,,,,,,,,,,,,,,,,,,,,,,,,,,,,,,,,,,,,,,,,,,,,,,,,,,,,,,,,,
,,,,,,,,,,,,,,,,,,,,,,,,#47,CL:,,Hanayume,,B,"191,721",90.50%,DE,,,,,,,,,,,,,,,,,,,,,,,,,,,,,,,,,,,,,,,,,,,,,,,,,,,,,,,,,,,,,,,,,,,,,,,,,,,,,,,,,,,,,,,,,,,#47,NZ:,,5aiyku,,A,"499,029",96.68%,DE,,,,,,,,,,,,,,,,,,,,,,,,,,,,,,,,,,,,,,,,,,,,,,,,,,,,,,,,,,,,,,,,,,,,,,,,,,,,,,,,,,,,,,,,
,,,,,,,,,,,,,,,,,,,,,,,,#48,NZ:,,ozbert,,B,"177,528",88.36%,DE,,,,,,,,,,,,,,,,,,,,,,,,,,,,,,,,,,,,,,,,,,,,,,,,,,,,,,,,,,,,,,,,,,,,,,,,,,,,,,,,,,,,,,,,,,,#48,PL:,,evil grape,,A,"495,133",96.86%,CA,,,,,,,,,,,,,,,,,,,,,,,,,,,,,,,,,,,,,,,,,,,,,,,,,,,,,,,,,,,,,,,,,,,,,,,,,,,,,,,,,,,,,,,,
,,,,,,,,,,,,,,,,,,,,,,,,,,,,,,,,,,,,,,,,,,,,,,,,,,,,,,,,,,,,,,,,,,,,,,,,,,,,,,,,,,,,,,,,,,,,,,,,,,,,,,,,,,,,,,,,,,,,,,,,,,,#49,DE:,,okinamo,,A,"487,971",95.23%,CL,,,,,,,,,,,,,,,,,,,,,,,,,,,,,,,,,,,,,,,,,,,,,,,,,,,,,,,,,,,,,,,,,,,,,,,,,,,,,,,,,,,,,,,,
,,,,,,,,,,,,,,,,,,,,,,,,,,,,,,,,,,,,,,,,,,,,,,,,,,,,,,,,,,,,,,,,,,,,,,,,,,,,,,,,,,,,,,,,,,,,,,,,,,,,,,,,,,,,,,,,,,,,,,,,,,,#50,NZ:,,5aiyku,,A,"483,918",96.29%,CN,,,,,,,,,,,,,,,,,,,,,,,,,,,,,,,,,,,,,,,,,,,,,,,,,,,,,,,,,,,,,,,,,,,,,,,,,,,,,,,,,,,,,,,,
,,,,,,,,,,,,,,,,,,,,,,,,,,,,,,,,,,,,,,,,,,,,,,,,,,,,,,,,,,,,,,,,,,,,,,,,,,,,,,,,,,,,,,,,,,,,,,,,,,,,,,,,,,,,,,,,,,,,,,,,,,,#51,PL:,,Rafis,,A,"482,378",97.17%,CA,,,,,,,,,,,,,,,,,,,,,,,,,,,,,,,,,,,,,,,,,,,,,,,,,,,,,,,,,,,,,,,,,,,,,,,,,,,,,,,,,,,,,,,,
,,,,,,,,,,,,,,,,,,,,,,,,,,,,,,,,,,,,,,,,,,,,,,,,,,,,,,,,,,,,,,,,,,,,,,,,,,,,,,,,,,,,,,,,,,,,,,,,,,,,,,,,,,,,,,,,,,,,,,,,,,,#52,CL:,,xXChokgamerXx,,A,"468,988",95.57%,DE,,,,,,,,,,,,,,,,,,,,,,,,,,,,,,,,,,,,,,,,,,,,,,,,,,,,,,,,,,,,,,,,,,,,,,,,,,,,,,,,,,,,,,,,
,,,,,,,,,,,,,,,,,,,,,,,,,,,,,,,,,,,,,,,,,,,,,,,,,,,,,,,,,,,,,,,,,,,,,,,,,,,,,,,,,,,,,,,,,,,,,,,,,,,,,,,,,,,,,,,,,,,,,,,,,,,#53,CL:,,Gonzah,,A,"443,714",96.69%,DE,,,,,,,,,,,,,,,,,,,,,,,,,,,,,,,,,,,,,,,,,,,,,,,,,,,,,,,,,,,,,,,,,,,,,,,,,,,,,,,,,,,,,,,,
,,,,,,,,,,,,,,,,,,,,,,,,,,,,,,,,,,,,,,,,,,,,,,,,,,,,,,,,,,,,,,,,,,,,,,,,,,,,,,,,,,,,,,,,,,,,,,,,,,,,,,,,,,,,,,,,,,,,,,,,,,,#54,NO:,,Melvr,,A,"431,713",95.89%,KR,,,,,,,,,,,,,,,,,,,,,,,,,,,,,,,,,,,,,,,,,,,,,,,,,,,,,,,,,,,,,,,,,,,,,,,,,,,,,,,,,,,,,,,,
,,,,,,,,,,,,,,,,,,,,,,,,,,,,,,,,,,,,,,,,,,,,,,,,,,,,,,,,,,,,,,,,,,,,,,,,,,,,,,,,,,,,,,,,,,,,,,,,,,,,,,,,,,,,,,,,,,,,,,,,,,,#55,CN:,,z980838928,,A,"423,432",94.81%,NZ,,,,,,,,,,,,,,,,,,,,,,,,,,,,,,,,,,,,,,,,,,,,,,,,,,,,,,,,,,,,,,,,,,,,,,,,,,,,,,,,,,,,,,,,
,,,,,,,,,,,,,,,,,,,,,,,,,,,,,,,,,,,,,,,,,,,,,,,,,,,,,,,,,,,,,,,,,,,,,,,,,,,,,,,,,,,,,,,,,,,,,,,,,,,,,,,,,,,,,,,,,,,,,,,,,,,#56,CL:,,alfiu,,A,"403,529",94.96%,DE,,,,,,,,,,,,,,,,,,,,,,,,,,,,,,,,,,,,,,,,,,,,,,,,,,,,,,,,,,,,,,,,,,,,,,,,,,,,,,,,,,,,,,,,